"","uniqueID","err_prop_by_ID","err_count_by_ID","err_in_ID","oct_jump_prop_by_ID","oct_jump_count_by_ID","oct_jump_in_ID"
"1","11749_HARMONY_FFM_Helena_004_hlh",0,0,0,0,0,0
"2","11749_HARMONY_FFM_Helena_011_lhh",0,0,0,0,0,0
"3","11749_HARMONY_FFM_Helena_053_hhh",0,0,0,0,0,0
"4","11749_HARMONY_FFM_Helena_078_hhl",0,0,0,0,0,0
"5","11749_HARMONY_FFM_Helena_118_llh",0.0892857142857143,5,1,0,0,1
"6","11749_HARMONY_FFM_Jeremy_051_lll",0,0,0,0,0,0
"7","11749_HARMONY_FFM_Jeremy_123_hll",0,0,0,0,0,0
"8","11749_HARMONY_FFM_Marilyn_109_lhl",0,0,0,0,0,0
"9","11749_HARMONY_FMF_Helena_052_lhl",0,0,0,0,0,0
"10","11749_HARMONY_FMF_Helena_069_hhl",0,0,0,0,0,0
"11","11749_HARMONY_FMF_Jeremy_092_lhh",0,0,0,0,0,0
"12","11749_HARMONY_FMF_Jeremy_125_hhh",0,0,0,0,0,0
"13","11749_HARMONY_FMF_Marilyn_058_hll",0,0,0,0,0,0
"14","11749_HARMONY_FMF_Marilyn_060_llh",0,0,0,0,0,0
"15","11749_HARMONY_FMF_Marilyn_079_hlh",0,0,0,0,0,0
"16","11749_HARMONY_FMF_Marilyn_087_lll",0,0,0,0,0,0
"17","11749_HARMONY_FMM_Helena_022_llh",0,0,0,0,0,0
"18","11749_HARMONY_FMM_Helena_044_hll",0,0,0,0,0,0
"19","11749_HARMONY_FMM_Helena_088_lhh",0,0,0,0,0,0
"20","11749_HARMONY_FMM_Helena_131_lhl",0,0,0,0,0,0
"21","11749_HARMONY_FMM_Jeremy_101_lll",0,0,0,0,0,0
"22","11749_HARMONY_FMM_Jeremy_102_hhh",0,0,0,0,0,0
"23","11749_HARMONY_FMM_Jeremy_111_hlh",0,0,0,0,0,0
"24","11749_HARMONY_FMM_Marilyn_095_hhl",0,0,0,0,0,0
"25","11749_HARMONY_MFF_Helena_126_hll",0,0,0,0,0,0
"26","11749_HARMONY_MFF_Jeremy_027_lhl",0,0,0,0,0,0
"27","11749_HARMONY_MFF_Jeremy_045_lll",0,0,0,0,0,0
"28","11749_HARMONY_MFF_Jeremy_046_llh",0,0,0,0,0,0
"29","11749_HARMONY_MFF_Jeremy_047_lhh",0,0,0,0,0,0
"30","11749_HARMONY_MFF_Jeremy_122_hhl",0,0,0,0,0,0
"31","11749_HARMONY_MFF_Marilyn_003_hlh",0,0,0,0,0,0
"32","11749_HARMONY_MFF_Marilyn_073_hhh",0,0,0,0,0,0
"33","11749_HARMONY_MFM_Helena_007_hlh",0,0,0,0,0,0
"34","11749_HARMONY_MFM_Helena_042_hhh",0.0392156862745098,2,1,0,0,1
"35","11749_HARMONY_MFM_Helena_075_hhl",0,0,0,0,0,0
"36","11749_HARMONY_MFM_Helena_089_lhh",0,0,0,0,0,0
"37","11749_HARMONY_MFM_Jeremy_025_lll",0,0,0,0,0,0
"38","11749_HARMONY_MFM_Jeremy_036_hll",0,0,0,0,0,0
"39","11749_HARMONY_MFM_Jeremy_048_lhl",0,0,0,0,0,0
"40","11749_HARMONY_MFM_Marilyn_067_llh",0,0,0,0,0,0
"41","11749_HARMONY_MMF_Helena_091_lll",0,0,0,0,0,0
"42","11749_HARMONY_MMF_Helena_142_llh",0,0,0,0,0,0
"43","11749_HARMONY_MMF_Jeremy_098_hhh",0,0,0,0,0,0
"44","11749_HARMONY_MMF_Jeremy_130_lhl",0,0,0,0,0,0
"45","11749_HARMONY_MMF_Jeremy_136_hlh",0,0,0,0,0,0
"46","11749_HARMONY_MMF_Marilyn_026_hhl",0,0,0,0,0,0
"47","11749_HARMONY_MMF_Marilyn_062_hll",0,0,0,0,0,0
"48","11749_HARMONY_MMF_Marilyn_096_lhh",0,0,0,0,0,0
"49","11749_MADELYN_FFM_Helena_009_hll",0,0,0,0,0,0
"50","11749_MADELYN_FFM_Helena_017_hhl",0,0,0,0,0,0
"51","11749_MADELYN_FFM_Helena_099_llh",0,0,0,0,0,0
"52","11749_MADELYN_FFM_Jeremy_001_lll",0,0,0,0,0,0
"53","11749_MADELYN_FFM_Jeremy_013_lhh",0,0,0,0,0,0
"54","11749_MADELYN_FFM_Marilyn_018_hlh",0,0,0,0,0,0
"55","11749_MADELYN_FFM_Marilyn_049_hhh",0,0,0,0,0,0
"56","11749_MADELYN_FFM_Marilyn_065_lhl",0,0,0,0,0,0
"57","11749_MADELYN_FMF_Helena_054_llh",0,0,0,0,0,0
"58","11749_MADELYN_FMF_Helena_110_lhh",0,0,0,0,0,0
"59","11749_MADELYN_FMF_Jeremy_083_hlh",0,0,0,0,0,0
"60","11749_MADELYN_FMF_Jeremy_121_lhl",0,0,0,0,0,0
"61","11749_MADELYN_FMF_Marilyn_020_hhl",0,0,0,0,0,0
"62","11749_MADELYN_FMF_Marilyn_040_hll",0,0,0,0,0,0
"63","11749_MADELYN_FMF_Marilyn_108_lll",0,0,0,0,0,0
"64","11749_MADELYN_FMF_Marilyn_112_hhh",0,0,0,0,0,0
"65","11749_MADELYN_FMM_Helena_032_lll",0,0,0,0,0,0
"66","11749_MADELYN_FMM_Jeremy_024_hhh",0,0,0,0,0,0
"67","11749_MADELYN_FMM_Jeremy_085_llh",0,0,0,0,0,0
"68","11749_MADELYN_FMM_Jeremy_094_hll",0,0,0,0,0,0
"69","11749_MADELYN_FMM_Jeremy_114_lhl",0,0,0,0,0,0
"70","11749_MADELYN_FMM_Jeremy_116_hhl",0,0,0,0,0,0
"71","11749_MADELYN_FMM_Jeremy_144_lhh",0,0,0,0,0,0
"72","11749_MADELYN_FMM_Marilyn_140_hlh",0,0,0,0,0,0
"73","11749_MADELYN_MFF_Helena_033_hhh",0,0,0,0,0,0
"74","11749_MADELYN_MFF_Helena_059_lhh",0,0,0,0,0,0
"75","11749_MADELYN_MFF_Helena_097_llh",0,0,0,0,0,0
"76","11749_MADELYN_MFF_Jeremy_084_hlh",0,0,0,0,0,0
"77","11749_MADELYN_MFF_Jeremy_128_hhl",0,0,0,0,0,0
"78","11749_MADELYN_MFF_Marilyn_030_lhl",0,0,0,0,0,0
"79","11749_MADELYN_MFF_Marilyn_037_hll",0.0517241379310345,3,1,0,0,1
"80","11749_MADELYN_MFF_Marilyn_074_lll",0,0,0,0,0,0
"81","11749_MADELYN_MFM_Helena_008_hlh",0,0,0,0,0,0
"82","11749_MADELYN_MFM_Helena_050_llh",0,0,0,0,0,0
"83","11749_MADELYN_MFM_Helena_104_hhl",0,0,0,0,0,0
"84","11749_MADELYN_MFM_Helena_132_hll",0,0,0,0,0,0
"85","11749_MADELYN_MFM_Jeremy_021_lll",0,0,0,0,0,0
"86","11749_MADELYN_MFM_Jeremy_057_hhh",0.0172413793103448,1,1,0,0,1
"87","11749_MADELYN_MFM_Jeremy_137_lhh",0,0,0,0,0,0
"88","11749_MADELYN_MFM_Marilyn_012_lhl",0,0,0,0,0,0
"89","11749_MADELYN_MMF_Helena_015_hhl",0,0,0,0,0,0
"90","11749_MADELYN_MMF_Helena_081_lhh",0,0,0,0,0,0
"91","11749_MADELYN_MMF_Jeremy_076_llh",0,0,0,0,0,0
"92","11749_MADELYN_MMF_Jeremy_077_lhl",0,0,0,0,0,0
"93","11749_MADELYN_MMF_Jeremy_143_hll",0,0,0,0,0,0
"94","11749_MADELYN_MMF_Marilyn_127_lll",0,0,0,0,0,0
"95","11749_MADELYN_MMF_Marilyn_138_hhh",0,0,0,0,0,0
"96","11749_MADELYN_MMF_Marilyn_139_hlh",0,0,0,0,0,0
"97","11749_MELANIE_FFM_Helena_014_hlh",0,0,0,0,0,0
"98","11749_MELANIE_FFM_Helena_016_hhh",0,0,0,0,0,0
"99","11749_MELANIE_FFM_Helena_105_hhl",0,0,0,0,0,0
"100","11749_MELANIE_FFM_Helena_133_lhh",0.0892857142857143,5,1,0,0,1
"101","11749_MELANIE_FFM_Jeremy_043_llh",0,0,0,0,0,0
"102","11749_MELANIE_FFM_Jeremy_066_lll",0,0,0,0,0,0
"103","11749_MELANIE_FFM_Marilyn_038_hll",0,0,0,0,0,0
"104","11749_MELANIE_FFM_Marilyn_115_lhl",0,0,0,0,0,0
"105","11749_MELANIE_FMF_Helena_063_hhl",0,0,0,0,0,0
"106","11749_MELANIE_FMF_Jeremy_006_llh",0,0,0,0,0,0
"107","11749_MELANIE_FMF_Jeremy_029_lll",0,0,0,0,0,0
"108","11749_MELANIE_FMF_Jeremy_035_hll",0,0,0,0,0,0
"109","11749_MELANIE_FMF_Jeremy_070_lhl",0,0,0,0,0,0
"110","11749_MELANIE_FMF_Jeremy_117_hlh",0,0,0,0,0,0
"111","11749_MELANIE_FMF_Marilyn_010_lhh",0,0,0,0,0,0
"112","11749_MELANIE_FMF_Marilyn_134_hhh",0,0,0,0,0,0
"113","11749_MELANIE_FMM_Helena_100_hlh",0,0,0,0,0,0
"114","11749_MELANIE_FMM_Helena_135_hll",0,0,0,0,0,0
"115","11749_MELANIE_FMM_Jeremy_061_llh",0,0,0,0,0,0
"116","11749_MELANIE_FMM_Jeremy_071_hhl",0,0,0,0,0,0
"117","11749_MELANIE_FMM_Jeremy_082_hhh",0,0,0,0,0,0
"118","11749_MELANIE_FMM_Jeremy_106_lll",0,0,0,0,0,0
"119","11749_MELANIE_FMM_Jeremy_141_lhl",0,0,0,0,0,0
"120","11749_MELANIE_FMM_Marilyn_107_lhh",0,0,0,0,0,0
"121","11749_MELANIE_MFF_Helena_023_lhl",0,0,0,0,0,0
"122","11749_MELANIE_MFF_Helena_031_hhl",0,0,0,0,0,0
"123","11749_MELANIE_MFF_Helena_068_hll",0,0,0,0,0,0
"124","11749_MELANIE_MFF_Helena_120_lhh",0,0,0,0,0,0
"125","11749_MELANIE_MFF_Jeremy_034_hhh",0,0,0,0,0,0
"126","11749_MELANIE_MFF_Jeremy_064_lll",0,0,0,0,0,0
"127","11749_MELANIE_MFF_Marilyn_041_llh",0,0,0,0,0,0
"128","11749_MELANIE_MFF_Marilyn_129_hlh",0,0,0,0,0,0
"129","11749_MELANIE_MFM_Helena_093_lhl",0,0,0,0,0,0
"130","11749_MELANIE_MFM_Jeremy_005_llh",0,0,0,0,0,0
"131","11749_MELANIE_MFM_Jeremy_019_hhl",0,0,0,0,0,0
"132","11749_MELANIE_MFM_Jeremy_103_hhh",0,0,0,0,0,0
"133","11749_MELANIE_MFM_Jeremy_124_hll",0,0,0,0,0,0
"134","11749_MELANIE_MFM_Marilyn_028_lll",0,0,0,0,0,0
"135","11749_MELANIE_MFM_Marilyn_039_hlh",0,0,0,0,0,0
"136","11749_MELANIE_MFM_Marilyn_086_lhh",0,0,0,0,0,0
"137","11749_MELANIE_MMF_Helena_055_llh",0,0,0,0,0,0
"138","11749_MELANIE_MMF_Helena_056_hhl",0,0,0,0,0,0
"139","11749_MELANIE_MMF_Helena_072_hll",0,0,0,0,0,0
"140","11749_MELANIE_MMF_Helena_113_lll",0,0,0,0,0,0
"141","11749_MELANIE_MMF_Jeremy_002_hhh",0,0,0,0,0,0
"142","11749_MELANIE_MMF_Jeremy_090_lhl",0,0,0,0,0,0
"143","11749_MELANIE_MMF_Jeremy_119_hlh",0,0,0,0,0,0
"144","11749_MELANIE_MMF_Marilyn_080_lhh",0,0,0,0,0,0
"145","14542_HARMONY_FFM_Helena_002_hlh",0.185185185185185,10,1,0,0,1
"146","14542_HARMONY_FFM_Helena_005_hhl",0,0,0,0,0,0
"147","14542_HARMONY_FFM_Helena_058_llh",0,0,0,0,0,0
"148","14542_HARMONY_FFM_Helena_089_lhh",0,0,0,0,0,0
"149","14542_HARMONY_FFM_Helena_122_hhh",0,0,0,0,0,0
"150","14542_HARMONY_FFM_Jeremy_063_lll",0.04,2,1,0,0,1
"151","14542_HARMONY_FFM_Jeremy_085_hll",0.0769230769230769,4,1,0,0,1
"152","14542_HARMONY_FFM_Marilyn_077_lhl",0,0,0,0,0,0
"153","14542_HARMONY_FMF_Helena_047_hhl",0,0,0,0,0,0
"154","14542_HARMONY_FMF_Helena_107_lhl",0,0,0,0,0,0
"155","14542_HARMONY_FMF_Jeremy_034_hhh",0,0,0,0,0,0
"156","14542_HARMONY_FMF_Jeremy_065_lhh",0,0,0,0,0,0
"157","14542_HARMONY_FMF_Marilyn_019_lll",0.0833333333333333,4,1,0,0,1
"158","14542_HARMONY_FMF_Marilyn_029_hll",0.175438596491228,10,1,0,0,1
"159","14542_HARMONY_FMF_Marilyn_062_hlh",0,0,0,0,0,0
"160","14542_HARMONY_FMF_Marilyn_141_llh",0,0,0,0,0,0
"161","14542_HARMONY_FMM_Helena_003_llh",0,0,0,0,0,0
"162","14542_HARMONY_FMM_Helena_024_hll",0.274509803921569,14,1,0,0,1
"163","14542_HARMONY_FMM_Helena_054_lhh",0,0,0,0,0,0
"164","14542_HARMONY_FMM_Helena_120_lhl",0,0,0,0,0,0
"165","14542_HARMONY_FMM_Jeremy_039_lll",0.0208333333333333,1,1,0,0,1
"166","14542_HARMONY_FMM_Jeremy_067_hhh",0.0196078431372549,1,1,0,0,1
"167","14542_HARMONY_FMM_Jeremy_087_hlh",0,0,0,0,0,0
"168","14542_HARMONY_FMM_Marilyn_017_hhl",0,0,0,0,0,0
"169","14542_HARMONY_MFF_Helena_030_hll",0.0192307692307692,1,1,0,0,1
"170","14542_HARMONY_MFF_Jeremy_016_lll",0.185185185185185,10,1,0,0,1
"171","14542_HARMONY_MFF_Jeremy_112_llh",0,0,0,0,0,0
"172","14542_HARMONY_MFF_Jeremy_119_hhl",0.0181818181818182,1,1,0,0,1
"173","14542_HARMONY_MFF_Jeremy_125_lhl",0,0,0,0,0,0
"174","14542_HARMONY_MFF_Jeremy_132_lhh",0,0,0,0,0,0
"175","14542_HARMONY_MFF_Marilyn_028_hlh",0.0961538461538462,5,1,0,0,1
"176","14542_HARMONY_MFF_Marilyn_117_hhh",0,0,0,0,0,0
"177","14542_HARMONY_MFM_Helena_025_hhl",0,0,0,0,0,0
"178","14542_HARMONY_MFM_Helena_042_hhh",0,0,0,0,0,0
"179","14542_HARMONY_MFM_Helena_053_lhh",0,0,0,0,0,0
"180","14542_HARMONY_MFM_Helena_134_hlh",0.0196078431372549,1,1,0,0,1
"181","14542_HARMONY_MFM_Jeremy_049_lhl",0,0,0,0,0,0
"182","14542_HARMONY_MFM_Jeremy_129_lll",0.0566037735849057,3,1,0,0,1
"183","14542_HARMONY_MFM_Jeremy_131_hll",0.0851063829787234,4,1,0,0,1
"184","14542_HARMONY_MFM_Marilyn_031_llh",0.06,3,1,0,0,1
"185","14542_HARMONY_MMF_Helena_021_llh",0,0,0,0,0,0
"186","14542_HARMONY_MMF_Helena_035_lll",0,0,0,0,0,0
"187","14542_HARMONY_MMF_Jeremy_001_hlh",0.169811320754717,9,1,0,0,1
"188","14542_HARMONY_MMF_Jeremy_090_hhh",0,0,0,0,0,0
"189","14542_HARMONY_MMF_Jeremy_139_lhl",0,0,0,0,0,0
"190","14542_HARMONY_MMF_Marilyn_007_lhh",0.0192307692307692,1,1,0,0,1
"191","14542_HARMONY_MMF_Marilyn_010_hhl",0,0,0,0,0,0
"192","14542_HARMONY_MMF_Marilyn_110_hll",0.0588235294117647,3,1,0,0,1
"193","14542_MADELYN_FFM_Helena_041_hhl",0,0,0,0,0,0
"194","14542_MADELYN_FFM_Helena_078_hll",0,0,0,0,0,0
"195","14542_MADELYN_FFM_Helena_118_llh",0,0,0,0,0,0
"196","14542_MADELYN_FFM_Jeremy_023_lhh",0,0,0,0,0,0
"197","14542_MADELYN_FFM_Jeremy_105_lll",0,0,0,0,0,0
"198","14542_MADELYN_FFM_Marilyn_004_hlh",0.157894736842105,9,1,0,0,1
"199","14542_MADELYN_FFM_Marilyn_052_lhl",0,0,0,0,0,0
"200","14542_MADELYN_FFM_Marilyn_121_hhh",0.0535714285714286,3,1,0,0,1
"201","14542_MADELYN_FMF_Helena_040_lhh",0,0,0,0,0,0
"202","14542_MADELYN_FMF_Helena_106_llh",0,0,0,0,0,0
"203","14542_MADELYN_FMF_Jeremy_056_hlh",0,0,0,0,0,0
"204","14542_MADELYN_FMF_Jeremy_116_lhl",0.0384615384615385,2,1,0,0,1
"205","14542_MADELYN_FMF_Marilyn_022_hll",0.0178571428571429,1,1,0,0,1
"206","14542_MADELYN_FMF_Marilyn_032_hhh",0,0,0,0,0,0
"207","14542_MADELYN_FMF_Marilyn_038_lll",0.120689655172414,7,1,0,0,1
"208","14542_MADELYN_FMF_Marilyn_123_hhl",0,0,0,0,0,0
"209","14542_MADELYN_FMM_Helena_133_lll",0.0925925925925926,5,1,0,0,1
"210","14542_MADELYN_FMM_Jeremy_011_hhh",0,0,0,0,0,0
"211","14542_MADELYN_FMM_Jeremy_027_hhl",0.0666666666666667,4,1,0,0,1
"212","14542_MADELYN_FMM_Jeremy_059_hll",0.0188679245283019,1,1,0,0,1
"213","14542_MADELYN_FMM_Jeremy_075_lhl",0.0333333333333333,2,1,0,0,1
"214","14542_MADELYN_FMM_Jeremy_115_llh",0,0,0,0,0,0
"215","14542_MADELYN_FMM_Jeremy_127_lhh",0,0,0,0,0,0
"216","14542_MADELYN_FMM_Marilyn_138_hlh",0,0,0,0,0,0
"217","14542_MADELYN_MFF_Helena_008_hhh",0,0,0,0,0,0
"218","14542_MADELYN_MFF_Helena_051_lhh",0,0,0,0,0,0
"219","14542_MADELYN_MFF_Helena_079_llh",0,0,0,0,0,0
"220","14542_MADELYN_MFF_Jeremy_061_hhl",0,0,0,0,0,0
"221","14542_MADELYN_MFF_Jeremy_096_hlh",0,0,0,0,0,0
"222","14542_MADELYN_MFF_Marilyn_072_hll",0,0,0,0,0,0
"223","14542_MADELYN_MFF_Marilyn_074_lll",0.0384615384615385,2,1,0,0,1
"224","14542_MADELYN_MFF_Marilyn_083_lhl",0,0,0,0,0,0
"225","14542_MADELYN_MFM_Helena_020_hlh",0.392156862745098,20,1,0,0,1
"226","14542_MADELYN_MFM_Helena_055_llh",0,0,0,0,0,0
"227","14542_MADELYN_MFM_Helena_101_hhl",0,0,0,0,0,0
"228","14542_MADELYN_MFM_Helena_136_hll",0.0740740740740741,4,1,0,0,1
"229","14542_MADELYN_MFM_Jeremy_043_lhh",0,0,0,0,0,0
"230","14542_MADELYN_MFM_Jeremy_064_lll",0.0677966101694915,4,1,0,0,1
"231","14542_MADELYN_MFM_Jeremy_102_hhh",0,0,0,0,0,0
"232","14542_MADELYN_MFM_Marilyn_073_lhl",0,0,0,0,0,0
"233","14542_MADELYN_MMF_Helena_009_hhl",0,0,0,0,0,0
"234","14542_MADELYN_MMF_Helena_130_lhh",0,0,0,0,0,0
"235","14542_MADELYN_MMF_Jeremy_006_lhl",0,0,0,0,0,0
"236","14542_MADELYN_MMF_Jeremy_070_llh",0,0,0,0,0,0
"237","14542_MADELYN_MMF_Jeremy_128_hll",0.25,14,1,0,0,1
"238","14542_MADELYN_MMF_Marilyn_057_hhh",0,0,0,0,0,0
"239","14542_MADELYN_MMF_Marilyn_100_hlh",0.0754716981132075,4,1,0,0,1
"240","14542_MADELYN_MMF_Marilyn_113_lll",0.157894736842105,9,1,0,0,1
"241","14542_MELANIE_FFM_Helena_045_hlh",0,0,0,0,0,0
"242","14542_MELANIE_FFM_Helena_046_lhh",0,0,0,0,0,0
"243","14542_MELANIE_FFM_Helena_084_hhl",0,0,0,0,0,0
"244","14542_MELANIE_FFM_Helena_103_hhh",0,0,0,0,0,0
"245","14542_MELANIE_FFM_Jeremy_015_lll",0.203703703703704,11,1,0,0,1
"246","14542_MELANIE_FFM_Jeremy_111_llh",0,0,0,0,0,0
"247","14542_MELANIE_FFM_Marilyn_080_lhl",0.0217391304347826,1,1,0,0,1
"248","14542_MELANIE_FFM_Marilyn_081_hll",0.102040816326531,5,1,0,0,1
"249","14542_MELANIE_FMF_Helena_092_hhl",0,0,0,0,0,0
"250","14542_MELANIE_FMF_Jeremy_012_lhl",0,0,0,0,0,0
"251","14542_MELANIE_FMF_Jeremy_036_llh",0,0,0,0,0,0
"252","14542_MELANIE_FMF_Jeremy_076_hll",0.0816326530612245,4,1,0,0,1
"253","14542_MELANIE_FMF_Jeremy_126_hlh",0,0,0,0,0,0
"254","14542_MELANIE_FMF_Marilyn_050_lhh",0,0,0,0,0,0
"255","14542_MELANIE_FMF_Marilyn_093_hhh",0,0,0,0,0,0
"256","14542_MELANIE_FMM_Helena_018_hll",0.204081632653061,10,1,0,0,1
"257","14542_MELANIE_FMM_Helena_140_hlh",0.176470588235294,9,1,0,0,1
"258","14542_MELANIE_FMM_Jeremy_013_hhh",0,0,0,0,0,0
"259","14542_MELANIE_FMM_Jeremy_094_hhl",0,0,0,0,0,0
"260","14542_MELANIE_FMM_Jeremy_097_lhl",0,0,0,0,0,0
"261","14542_MELANIE_FMM_Jeremy_108_llh",0,0,0,0,0,0
"262","14542_MELANIE_FMM_Jeremy_135_lll",0,0,0,0,0,0
"263","14542_MELANIE_FMM_Marilyn_099_lhh",0,0,0,0,0,0
"264","14542_MELANIE_MFF_Helena_048_hhl",0,0,0,0,0,0
"265","14542_MELANIE_MFF_Helena_068_hll",0,0,0,0,0,0
"266","14542_MELANIE_MFF_Helena_095_lhl",0,0,0,0,0,0
"267","14542_MELANIE_MFF_Helena_104_lhh",0,0,0,0,0,0
"268","14542_MELANIE_MFF_Jeremy_026_hhh",0,0,0,0,0,0
"269","14542_MELANIE_MFF_Jeremy_088_lll",0.0769230769230769,4,1,0,0,1
"270","14542_MELANIE_MFF_Marilyn_086_llh",0,0,0,0,0,0
"271","14542_MELANIE_MFF_Marilyn_137_hlh",0,0,0,0,0,0
"272","14542_MELANIE_MFM_Helena_098_lhl",0,0,0,0,0,0
"273","14542_MELANIE_MFM_Jeremy_060_hhl",0,0,0,0,0,0
"274","14542_MELANIE_MFM_Jeremy_066_llh",0,0,0,0,0,0
"275","14542_MELANIE_MFM_Jeremy_082_hll",0,0,0,0,0,0
"276","14542_MELANIE_MFM_Jeremy_124_hhh",0,0,0,0,0,0
"277","14542_MELANIE_MFM_Marilyn_091_hlh",0.212765957446809,10,1,0,0,1
"278","14542_MELANIE_MFM_Marilyn_109_lhh",0,0,0,0,0,0
"279","14542_MELANIE_MFM_Marilyn_114_lll",0.0212765957446809,1,1,0,0,1
"280","14542_MELANIE_MMF_Helena_014_llh",0,0,0,0,0,0
"281","14542_MELANIE_MMF_Helena_071_lll",0.0769230769230769,4,1,0,0,1
"282","14542_MELANIE_MMF_Helena_143_hll",0.0784313725490196,4,1,0,0,1
"283","14542_MELANIE_MMF_Helena_144_hhl",0,0,0,0,0,0
"284","14542_MELANIE_MMF_Jeremy_033_hlh",0.0925925925925926,5,1,0,0,1
"285","14542_MELANIE_MMF_Jeremy_044_hhh",0,0,0,0,0,0
"286","14542_MELANIE_MMF_Jeremy_142_lhl",0,0,0,0,0,0
"287","14542_MELANIE_MMF_Marilyn_069_lhh",0,0,0,0,0,0
"288","14557_HARMONY_FFM_Helena_034_lhh",0.0307692307692308,2,1,0,0,1
"289","14557_HARMONY_FFM_Helena_037_llh",0.0285714285714286,2,1,0,0,1
"290","14557_HARMONY_FFM_Helena_052_hhl",0,0,0,0,0,0
"291","14557_HARMONY_FFM_Helena_073_hhh",0,0,0,0,0,0
"292","14557_HARMONY_FFM_Helena_104_hlh",0.0161290322580645,1,1,0,0,1
"293","14557_HARMONY_FFM_Jeremy_033_lll",0.0454545454545455,3,1,0,0,1
"294","14557_HARMONY_FFM_Jeremy_075_hll",0.0144927536231884,1,1,0,0,1
"295","14557_HARMONY_FFM_Marilyn_118_lhl",0,0,0,0,0,0
"296","14557_HARMONY_FMF_Helena_044_lhl",0,0,0,0,0,0
"297","14557_HARMONY_FMF_Helena_059_hhl",0,0,0,0,0,0
"298","14557_HARMONY_FMF_Jeremy_043_lhh",0,0,0,0,0,0
"299","14557_HARMONY_FMF_Jeremy_053_hhh",0.0149253731343284,1,1,0,0,1
"300","14557_HARMONY_FMF_Marilyn_021_lll",0,0,0,0,0,0
"301","14557_HARMONY_FMF_Marilyn_038_llh",0,0,0,0,0,0
"302","14557_HARMONY_FMF_Marilyn_088_hll",0.0285714285714286,2,1,0,0,1
"303","14557_HARMONY_FMF_Marilyn_142_hlh",0.0149253731343284,1,1,0,0,1
"304","14557_HARMONY_FMM_Helena_023_hll",0.0333333333333333,2,1,0,0,1
"305","14557_HARMONY_FMM_Helena_048_lhh",0.0151515151515152,1,1,0,0,1
"306","14557_HARMONY_FMM_Helena_064_lhl",0,0,0,0,0,0
"307","14557_HARMONY_FMM_Helena_084_llh",0,0,0,0,0,0
"308","14557_HARMONY_FMM_Jeremy_007_lll",0.0634920634920635,4,1,0,0,1
"309","14557_HARMONY_FMM_Jeremy_015_hlh",0.027027027027027,2,1,0,0,1
"310","14557_HARMONY_FMM_Jeremy_113_hhh",0,0,0,0,0,0
"311","14557_HARMONY_FMM_Marilyn_135_hhl",0,0,0,0,0,0
"312","14557_HARMONY_MFF_Helena_082_hll",0.0675675675675676,5,1,0,0,1
"313","14557_HARMONY_MFF_Jeremy_001_lhh",0,0,0,0,0,0
"314","14557_HARMONY_MFF_Jeremy_018_hhl",0.0735294117647059,5,1,0,0,1
"315","14557_HARMONY_MFF_Jeremy_093_llh",0.0144927536231884,1,1,0,0,1
"316","14557_HARMONY_MFF_Jeremy_095_lhl",0,0,0,0,0,0
"317","14557_HARMONY_MFF_Jeremy_102_lll",0,0,0,0,0,0
"318","14557_HARMONY_MFF_Marilyn_003_hlh",0.0144927536231884,1,1,0,0,1
"319","14557_HARMONY_MFF_Marilyn_114_hhh",0,0,0,0,0,0
"320","14557_HARMONY_MFM_Helena_071_lhh",0,0,0,0,0,0
"321","14557_HARMONY_MFM_Helena_089_hhh",0,0,0,0,0,0
"322","14557_HARMONY_MFM_Helena_133_hhl",0,0,0,0,0,0
"323","14557_HARMONY_MFM_Helena_137_hlh",0,0,0,0,0,0
"324","14557_HARMONY_MFM_Jeremy_017_lhl",0,0,0,0,0,0
"325","14557_HARMONY_MFM_Jeremy_049_hll",0.0579710144927536,4,1,0,0,1
"326","14557_HARMONY_MFM_Jeremy_079_lll",0,0,0,0,0,0
"327","14557_HARMONY_MFM_Marilyn_011_llh",0,0,0,0,0,0
"328","14557_HARMONY_MMF_Helena_099_llh",0,0,0,0,0,0
"329","14557_HARMONY_MMF_Helena_123_lll",0.0483870967741935,3,1,0,0,1
"330","14557_HARMONY_MMF_Jeremy_040_hhh",0.0645161290322581,4,1,0,0,1
"331","14557_HARMONY_MMF_Jeremy_085_lhl",0.0273972602739726,2,1,0,0,1
"332","14557_HARMONY_MMF_Jeremy_134_hlh",0,0,0,0,0,0
"333","14557_HARMONY_MMF_Marilyn_012_hll",0.0491803278688525,3,1,0,0,1
"334","14557_HARMONY_MMF_Marilyn_028_hhl",0.0298507462686567,2,1,0,0,1
"335","14557_HARMONY_MMF_Marilyn_141_lhh",0,0,0,0,0,0
"336","14557_MADELYN_FFM_Helena_002_llh",0,0,0,0,0,0
"337","14557_MADELYN_FFM_Helena_097_hll",0,0,0,0,0,0
"338","14557_MADELYN_FFM_Helena_119_hhl",0,0,0,0,0,0
"339","14557_MADELYN_FFM_Jeremy_042_lhh",0,0,0,0,0,0
"340","14557_MADELYN_FFM_Jeremy_121_lll",0,0,0,0,0,0
"341","14557_MADELYN_FFM_Marilyn_050_hhh",0,0,0,0,0,0
"342","14557_MADELYN_FFM_Marilyn_069_lhl",0,0,0,0,0,0
"343","14557_MADELYN_FFM_Marilyn_092_hlh",0,0,0,0,0,0
"344","14557_MADELYN_FMF_Helena_056_llh",0,0,0,0,0,0
"345","14557_MADELYN_FMF_Helena_124_lhh",0,0,0,0,0,0
"346","14557_MADELYN_FMF_Jeremy_060_hlh",0,0,0,0,0,0
"347","14557_MADELYN_FMF_Jeremy_091_lhl",0,0,0,0,0,0
"348","14557_MADELYN_FMF_Marilyn_078_hll",0,0,0,0,0,0
"349","14557_MADELYN_FMF_Marilyn_090_hhh",0,0,0,0,0,0
"350","14557_MADELYN_FMF_Marilyn_120_lll",0,0,0,0,0,0
"351","14557_MADELYN_FMF_Marilyn_126_hhl",0,0,0,0,0,0
"352","14557_MADELYN_FMM_Helena_022_lll",0.0163934426229508,1,1,0,0,1
"353","14557_MADELYN_FMM_Jeremy_013_hll",0,0,0,0,0,0
"354","14557_MADELYN_FMM_Jeremy_030_hhh",0,0,0,0,0,0
"355","14557_MADELYN_FMM_Jeremy_072_lhl",0,0,0,0,0,0
"356","14557_MADELYN_FMM_Jeremy_080_lhh",0,0,0,0,0,0
"357","14557_MADELYN_FMM_Jeremy_125_llh",0,0,0,0,0,0
"358","14557_MADELYN_FMM_Jeremy_144_hhl",0,0,0,0,0,0
"359","14557_MADELYN_FMM_Marilyn_108_hlh",0,0,0,0,0,0
"360","14557_MADELYN_MFF_Helena_062_lhh",0,0,0,0,0,0
"361","14557_MADELYN_MFF_Helena_070_hhh",0,0,0,0,0,0
"362","14557_MADELYN_MFF_Helena_127_llh",0,0,0,0,0,0
"363","14557_MADELYN_MFF_Jeremy_024_hlh",0,0,0,0,0,0
"364","14557_MADELYN_MFF_Jeremy_100_hhl",0,0,0,0,0,0
"365","14557_MADELYN_MFF_Marilyn_066_hll",0,0,0,0,0,0
"366","14557_MADELYN_MFF_Marilyn_103_lhl",0,0,0,0,0,0
"367","14557_MADELYN_MFF_Marilyn_115_lll",0,0,0,0,0,0
"368","14557_MADELYN_MFM_Helena_014_hlh",0,0,0,0,0,0
"369","14557_MADELYN_MFM_Helena_032_hhl",0,0,0,0,0,0
"370","14557_MADELYN_MFM_Helena_094_llh",0,0,0,0,0,0
"371","14557_MADELYN_MFM_Helena_101_hll",0,0,0,0,0,0
"372","14557_MADELYN_MFM_Jeremy_020_lll",0,0,0,0,0,0
"373","14557_MADELYN_MFM_Jeremy_026_hhh",0,0,0,0,0,0
"374","14557_MADELYN_MFM_Jeremy_087_lhh",0,0,0,0,0,0
"375","14557_MADELYN_MFM_Marilyn_004_lhl",0,0,0,0,0,0
"376","14557_MADELYN_MMF_Helena_019_lhh",0,0,0,0,0,0
"377","14557_MADELYN_MMF_Helena_117_hhl",0,0,0,0,0,0
"378","14557_MADELYN_MMF_Jeremy_036_hll",0,0,0,0,0,0
"379","14557_MADELYN_MMF_Jeremy_046_llh",0,0,0,0,0,0
"380","14557_MADELYN_MMF_Jeremy_067_lhl",0,0,0,0,0,0
"381","14557_MADELYN_MMF_Marilyn_005_hhh",0,0,0,0,0,0
"382","14557_MADELYN_MMF_Marilyn_029_lll",0,0,0,0,0,0
"383","14557_MADELYN_MMF_Marilyn_143_hlh",0,0,0,0,0,0
"384","14557_MELANIE_FFM_Helena_006_hhl",0,0,0,0,0,0
"385","14557_MELANIE_FFM_Helena_016_lhh",0,0,0,0,0,0
"386","14557_MELANIE_FFM_Helena_109_hhh",0,0,0,0,0,0
"387","14557_MELANIE_FFM_Helena_136_hlh",0,0,0,0,0,0
"388","14557_MELANIE_FFM_Jeremy_128_llh",0,0,0,0,0,0
"389","14557_MELANIE_FFM_Jeremy_140_lll",0,0,0,0,0,0
"390","14557_MELANIE_FFM_Marilyn_010_lhl",0,0,0,0,0,0
"391","14557_MELANIE_FFM_Marilyn_077_hll",0.0909090909090909,6,1,0,0,1
"392","14557_MELANIE_FMF_Helena_106_hhl",0,0,0,0,0,0
"393","14557_MELANIE_FMF_Jeremy_027_lll",0,0,0,0,0,0
"394","14557_MELANIE_FMF_Jeremy_047_hlh",0,0,0,0,0,0
"395","14557_MELANIE_FMF_Jeremy_055_hll",0,0,0,0,0,0
"396","14557_MELANIE_FMF_Jeremy_058_llh",0,0,0,0,0,0
"397","14557_MELANIE_FMF_Jeremy_068_lhl",0,0,0,0,0,0
"398","14557_MELANIE_FMF_Marilyn_096_hhh",0,0,0,0,0,0
"399","14557_MELANIE_FMF_Marilyn_116_lhh",0,0,0,0,0,0
"400","14557_MELANIE_FMM_Helena_054_hll",0,0,0,0,0,0
"401","14557_MELANIE_FMM_Helena_139_hlh",0,0,0,0,0,0
"402","14557_MELANIE_FMM_Jeremy_008_lhl",0,0,0,0,0,0
"403","14557_MELANIE_FMM_Jeremy_035_llh",0,0,0,0,0,0
"404","14557_MELANIE_FMM_Jeremy_112_hhh",0,0,0,0,0,0
"405","14557_MELANIE_FMM_Jeremy_131_lll",0,0,0,0,0,0
"406","14557_MELANIE_FMM_Jeremy_132_hhl",0,0,0,0,0,0
"407","14557_MELANIE_FMM_Marilyn_051_lhh",0,0,0,0,0,0
"408","14557_MELANIE_MFF_Helena_057_hll",0,0,0,0,0,0
"409","14557_MELANIE_MFF_Helena_061_hhl",0,0,0,0,0,0
"410","14557_MELANIE_MFF_Helena_105_lhl",0,0,0,0,0,0
"411","14557_MELANIE_MFF_Helena_130_lhh",0,0,0,0,0,0
"412","14557_MELANIE_MFF_Jeremy_045_lll",0,0,0,0,0,0
"413","14557_MELANIE_MFF_Jeremy_107_hhh",0,0,0,0,0,0
"414","14557_MELANIE_MFF_Marilyn_009_llh",0,0,0,0,0,0
"415","14557_MELANIE_MFF_Marilyn_063_hlh",0,0,0,0,0,0
"416","14557_MELANIE_MFM_Helena_129_lhl",0,0,0,0,0,0
"417","14557_MELANIE_MFM_Jeremy_025_llh",0,0,0,0,0,0
"418","14557_MELANIE_MFM_Jeremy_041_hll",0,0,0,0,0,0
"419","14557_MELANIE_MFM_Jeremy_065_hhl",0,0,0,0,0,0
"420","14557_MELANIE_MFM_Jeremy_081_hhh",0,0,0,0,0,0
"421","14557_MELANIE_MFM_Marilyn_076_lhh",0,0,0,0,0,0
"422","14557_MELANIE_MFM_Marilyn_098_hlh",0,0,0,0,0,0
"423","14557_MELANIE_MFM_Marilyn_110_lll",0,0,0,0,0,0
"424","14557_MELANIE_MMF_Helena_031_hhl",0,0,0,0,0,0
"425","14557_MELANIE_MMF_Helena_074_llh",0,0,0,0,0,0
"426","14557_MELANIE_MMF_Helena_111_hll",0,0,0,0,0,0
"427","14557_MELANIE_MMF_Helena_138_lll",0,0,0,0,0,0
"428","14557_MELANIE_MMF_Jeremy_083_hhh",0,0,0,0,0,0
"429","14557_MELANIE_MMF_Jeremy_086_hlh",0,0,0,0,0,0
"430","14557_MELANIE_MMF_Jeremy_122_lhl",0,0,0,0,0,0
"431","14557_MELANIE_MMF_Marilyn_039_lhh",0,0,0,0,0,0
"432","15187_HARMONY_FFM_Helena_056_lhh",0,0,0,0,0,0
"433","15187_HARMONY_FFM_Helena_057_hhh",0,0,0,0,0,0
"434","15187_HARMONY_FFM_Helena_127_hlh",0,0,0,0,0,0
"435","15187_HARMONY_FFM_Helena_129_hhl",0,0,0,0,0,0
"436","15187_HARMONY_FFM_Helena_141_llh",0,0,0,0,0,0
"437","15187_HARMONY_FFM_Jeremy_001_lll",0,0,0,0,0,0
"438","15187_HARMONY_FFM_Jeremy_070_hll",0.03125,2,1,0,0,1
"439","15187_HARMONY_FFM_Marilyn_091_lhl",0,0,0,0,0,0
"440","15187_HARMONY_FMF_Helena_020_lhl",0,0,0,0,0,0
"441","15187_HARMONY_FMF_Helena_077_hhl",0.0192307692307692,1,1,0,0,1
"442","15187_HARMONY_FMF_Jeremy_052_lhh",0.0612244897959184,3,1,0,0,1
"443","15187_HARMONY_FMF_Jeremy_107_hhh",0.111111111111111,5,1,0,0,1
"444","15187_HARMONY_FMF_Marilyn_073_llh",0.2,11,1,0,0,1
"445","15187_HARMONY_FMF_Marilyn_094_hlh",0,0,0,0,0,0
"446","15187_HARMONY_FMF_Marilyn_097_hll",0,0,0,0,0,0
"447","15187_HARMONY_FMF_Marilyn_110_lll",0,0,0,0,0,0
"448","15187_HARMONY_FMM_Helena_037_llh",0,0,0,0,0,0
"449","15187_HARMONY_FMM_Helena_081_hll",0,0,0,0,0,0
"450","15187_HARMONY_FMM_Helena_101_lhl",0,0,0,0,0,0
"451","15187_HARMONY_FMM_Helena_118_lhh",0,0,0,0,0,0
"452","15187_HARMONY_FMM_Jeremy_026_hhh",0,0,0,0,0,0
"453","15187_HARMONY_FMM_Jeremy_028_hlh",0,0,0,0,0,0
"454","15187_HARMONY_FMM_Jeremy_093_lll",0,0,0,0,0,0
"455","15187_HARMONY_FMM_Marilyn_036_hhl",0,0,0,0,0,0
"456","15187_HARMONY_MFF_Helena_046_hll",0,0,0,0,0,0
"457","15187_HARMONY_MFF_Jeremy_049_lll",0,0,0,0,0,0
"458","15187_HARMONY_MFF_Jeremy_112_lhh",0,0,0,0,0,0
"459","15187_HARMONY_MFF_Jeremy_113_llh",0.0576923076923077,3,1,0,0,1
"460","15187_HARMONY_MFF_Jeremy_142_hhl",0,0,0,0,0,0
"461","15187_HARMONY_MFF_Jeremy_144_lhl",0.0833333333333333,5,1,0,0,1
"462","15187_HARMONY_MFF_Marilyn_018_hhh",0,0,0,0,0,0
"463","15187_HARMONY_MFF_Marilyn_133_hlh",0.0563380281690141,4,1,0,0,1
"464","15187_HARMONY_MFM_Helena_054_hhh",0,0,0,0,0,0
"465","15187_HARMONY_MFM_Helena_071_hlh",0,0,0,0,0,0
"466","15187_HARMONY_MFM_Helena_104_lhh",0.0769230769230769,4,1,0,0,1
"467","15187_HARMONY_MFM_Helena_138_hhl",0.106382978723404,5,1,0,0,1
"468","15187_HARMONY_MFM_Jeremy_012_hll",0,0,0,0,0,0
"469","15187_HARMONY_MFM_Jeremy_061_lhl",0.0327868852459016,2,1,0,0,1
"470","15187_HARMONY_MFM_Jeremy_074_lll",0,0,0,0,0,0
"471","15187_HARMONY_MFM_Marilyn_095_llh",0,0,0,0,0,0
"472","15187_HARMONY_MMF_Helena_076_lll",0.152173913043478,7,1,0,0,1
"473","15187_HARMONY_MMF_Helena_084_llh",0.0784313725490196,4,1,0,0,1
"474","15187_HARMONY_MMF_Jeremy_034_hhh",0,0,0,0,0,0
"475","15187_HARMONY_MMF_Jeremy_042_lhl",0,0,0,0,0,0
"476","15187_HARMONY_MMF_Jeremy_067_hlh",0,0,0,0,0,0
"477","15187_HARMONY_MMF_Marilyn_066_hhl",0.0169491525423729,1,1,0,0,1
"478","15187_HARMONY_MMF_Marilyn_135_hll",0,0,0,0,0,0
"479","15187_HARMONY_MMF_Marilyn_137_lhh",0,0,0,0,0,0
"480","15187_MADELYN_FFM_Helena_033_hll",0,0,0,0,0,0
"481","15187_MADELYN_FFM_Helena_062_llh",0,0,0,0,0,0
"482","15187_MADELYN_FFM_Helena_099_hhl",0.0307692307692308,2,1,0,0,1
"483","15187_MADELYN_FFM_Jeremy_083_lhh",0,0,0,0,0,0
"484","15187_MADELYN_FFM_Jeremy_114_lll",0,0,0,0,0,0
"485","15187_MADELYN_FFM_Marilyn_003_hhh",0,0,0,0,0,0
"486","15187_MADELYN_FFM_Marilyn_007_hlh",0,0,0,0,0,0
"487","15187_MADELYN_FFM_Marilyn_090_lhl",0.0147058823529412,1,1,0,0,1
"488","15187_MADELYN_FMF_Helena_021_lhh",0,0,0,0,0,0
"489","15187_MADELYN_FMF_Helena_100_llh",0.142857142857143,8,1,0,0,1
"490","15187_MADELYN_FMF_Jeremy_027_lhl",0,0,0,0,0,0
"491","15187_MADELYN_FMF_Jeremy_126_hlh",0,0,0,0,0,0
"492","15187_MADELYN_FMF_Marilyn_013_hll",0,0,0,0,0,0
"493","15187_MADELYN_FMF_Marilyn_051_hhh",0,0,0,0,0,0
"494","15187_MADELYN_FMF_Marilyn_082_lll",0.0166666666666667,1,1,0,0,1
"495","15187_MADELYN_FMF_Marilyn_109_hhl",0,0,0,0,0,0
"496","15187_MADELYN_FMM_Helena_117_lll",0,0,0,0,0,0
"497","15187_MADELYN_FMM_Jeremy_006_lhh",0,0,0,0,0,0
"498","15187_MADELYN_FMM_Jeremy_025_hhh",0,0,0,0,0,0
"499","15187_MADELYN_FMM_Jeremy_063_llh",0,0,0,0,0,0
"500","15187_MADELYN_FMM_Jeremy_085_hhl",0,0,0,0,0,0
"501","15187_MADELYN_FMM_Jeremy_116_hll",0,0,0,0,0,0
"502","15187_MADELYN_FMM_Jeremy_128_lhl",0,0,0,0,0,0
"503","15187_MADELYN_FMM_Marilyn_131_hlh",0,0,0,0,0,0
"504","15187_MADELYN_MFF_Helena_029_lhh",0,0,0,0,0,0
"505","15187_MADELYN_MFF_Helena_058_llh",0.166666666666667,10,1,0,0,1
"506","15187_MADELYN_MFF_Helena_120_hhh",0,0,0,0,0,0
"507","15187_MADELYN_MFF_Jeremy_039_hlh",0,0,0,0,0,0
"508","15187_MADELYN_MFF_Jeremy_059_hhl",0,0,0,0,0,0
"509","15187_MADELYN_MFF_Marilyn_002_lll",0,0,0,0,0,0
"510","15187_MADELYN_MFF_Marilyn_048_hll",0,0,0,0,0,0
"511","15187_MADELYN_MFF_Marilyn_065_lhl",0.0615384615384615,4,1,0,0,1
"512","15187_MADELYN_MFM_Helena_043_llh",0,0,0,0,0,0
"513","15187_MADELYN_MFM_Helena_053_hhl",0,0,0,0,0,0
"514","15187_MADELYN_MFM_Helena_105_hll",0.0923076923076923,6,1,0,0,1
"515","15187_MADELYN_MFM_Helena_125_hlh",0,0,0,0,0,0
"516","15187_MADELYN_MFM_Jeremy_040_hhh",0,0,0,0,0,0
"517","15187_MADELYN_MFM_Jeremy_088_lhh",0,0,0,0,0,0
"518","15187_MADELYN_MFM_Jeremy_089_lll",0,0,0,0,0,0
"519","15187_MADELYN_MFM_Marilyn_019_lhl",0,0,0,0,0,0
"520","15187_MADELYN_MMF_Helena_024_lhh",0,0,0,0,0,0
"521","15187_MADELYN_MMF_Helena_050_hhl",0,0,0,0,0,0
"522","15187_MADELYN_MMF_Jeremy_005_lhl",0,0,0,0,0,0
"523","15187_MADELYN_MMF_Jeremy_017_hll",0,0,0,0,0,0
"524","15187_MADELYN_MMF_Jeremy_143_llh",0.0645161290322581,4,1,0,0,1
"525","15187_MADELYN_MMF_Marilyn_014_lll",0,0,0,0,0,0
"526","15187_MADELYN_MMF_Marilyn_045_hhh",0,0,0,0,0,0
"527","15187_MADELYN_MMF_Marilyn_055_hlh",0,0,0,0,0,0
"528","15187_MELANIE_FFM_Helena_011_hhl",0,0,0,0,0,0
"529","15187_MELANIE_FFM_Helena_022_hhh",0,0,0,0,0,0
"530","15187_MELANIE_FFM_Helena_069_hlh",0,0,0,0,0,0
"531","15187_MELANIE_FFM_Helena_106_lhh",0,0,0,0,0,0
"532","15187_MELANIE_FFM_Jeremy_087_llh",0,0,0,0,0,0
"533","15187_MELANIE_FFM_Jeremy_132_lll",0,0,0,0,0,0
"534","15187_MELANIE_FFM_Marilyn_064_lhl",0.0289855072463768,2,1,0,0,1
"535","15187_MELANIE_FFM_Marilyn_130_hll",0,0,0,0,0,0
"536","15187_MELANIE_FMF_Helena_140_hhl",0,0,0,0,0,0
"537","15187_MELANIE_FMF_Jeremy_009_llh",0,0,0,0,0,0
"538","15187_MELANIE_FMF_Jeremy_035_hlh",0,0,0,0,0,0
"539","15187_MELANIE_FMF_Jeremy_072_lhl",0,0,0,0,0,0
"540","15187_MELANIE_FMF_Jeremy_115_hll",0,0,0,0,0,0
"541","15187_MELANIE_FMF_Jeremy_134_lll",0,0,0,0,0,0
"542","15187_MELANIE_FMF_Marilyn_016_hhh",0,0,0,0,0,0
"543","15187_MELANIE_FMF_Marilyn_136_lhh",0,0,0,0,0,0
"544","15187_MELANIE_FMM_Helena_004_hll",0,0,0,0,0,0
"545","15187_MELANIE_FMM_Helena_122_hlh",0.184615384615385,12,1,0,0,1
"546","15187_MELANIE_FMM_Jeremy_008_llh",0,0,0,0,0,0
"547","15187_MELANIE_FMM_Jeremy_044_hhl",0,0,0,0,0,0
"548","15187_MELANIE_FMM_Jeremy_068_lll",0,0,0,0,0,0
"549","15187_MELANIE_FMM_Jeremy_078_lhl",0,0,0,0,0,0
"550","15187_MELANIE_FMM_Jeremy_139_hhh",0,0,0,0,0,0
"551","15187_MELANIE_FMM_Marilyn_123_lhh",0,0,0,0,0,0
"552","15187_MELANIE_MFF_Helena_010_lhh",0,0,0,0,0,0
"553","15187_MELANIE_MFF_Helena_041_hhl",0,0,0,0,0,0
"554","15187_MELANIE_MFF_Helena_047_lhl",0,0,0,0,0,0
"555","15187_MELANIE_MFF_Helena_060_hll",0,0,0,0,0,0
"556","15187_MELANIE_MFF_Jeremy_023_lll",0,0,0,0,0,0
"557","15187_MELANIE_MFF_Jeremy_092_hhh",0,0,0,0,0,0
"558","15187_MELANIE_MFF_Marilyn_102_llh",0,0,0,0,0,0
"559","15187_MELANIE_MFF_Marilyn_119_hlh",0,0,0,0,0,0
"560","15187_MELANIE_MFM_Helena_096_lhl",0,0,0,0,0,0
"561","15187_MELANIE_MFM_Jeremy_031_hhh",0,0,0,0,0,0
"562","15187_MELANIE_MFM_Jeremy_075_hll",0.0689655172413793,4,1,0,0,1
"563","15187_MELANIE_MFM_Jeremy_086_hhl",0,0,0,0,0,0
"564","15187_MELANIE_MFM_Jeremy_111_llh",0,0,0,0,0,0
"565","15187_MELANIE_MFM_Marilyn_080_lll",0,0,0,0,0,0
"566","15187_MELANIE_MFM_Marilyn_098_lhh",0,0,0,0,0,0
"567","15187_MELANIE_MFM_Marilyn_108_hlh",0,0,0,0,0,0
"568","15187_MELANIE_MMF_Helena_015_llh",0.08,4,1,0,0,1
"569","15187_MELANIE_MMF_Helena_038_hhl",0,0,0,0,0,0
"570","15187_MELANIE_MMF_Helena_103_hll",0,0,0,0,0,0
"571","15187_MELANIE_MMF_Helena_124_lll",0,0,0,0,0,0
"572","15187_MELANIE_MMF_Jeremy_032_lhl",0,0,0,0,0,0
"573","15187_MELANIE_MMF_Jeremy_079_hhh",0,0,0,0,0,0
"574","15187_MELANIE_MMF_Jeremy_121_hlh",0,0,0,0,0,0
"575","15187_MELANIE_MMF_Marilyn_030_lhh",0,0,0,0,0,0
"576","15763_HARMONY_FFM_Helena_019_llh",0.0757575757575758,5,1,0,0,1
"577","15763_HARMONY_FFM_Helena_031_hhl",0,0,0,0,0,0
"578","15763_HARMONY_FFM_Helena_063_hlh",0,0,0,0,0,0
"579","15763_HARMONY_FFM_Helena_075_hhh",0,0,0,0,0,0
"580","15763_HARMONY_FFM_Helena_107_lhh",0,0,0,0,0,0
"581","15763_HARMONY_FFM_Jeremy_071_lll",0,0,0,0,0,0
"582","15763_HARMONY_FFM_Jeremy_081_hll",0.0428571428571429,3,1,0,0,1
"583","15763_HARMONY_FFM_Marilyn_020_lhl",0.0303030303030303,2,1,0,0,1
"584","15763_HARMONY_FMF_Helena_027_lhl",0.0172413793103448,1,1,0,0,1
"585","15763_HARMONY_FMF_Helena_070_hhl",0,0,0,0,0,0
"586","15763_HARMONY_FMF_Jeremy_042_lhh",0,0,0,0,0,0
"587","15763_HARMONY_FMF_Jeremy_049_hhh",0,0,0,0,0,0
"588","15763_HARMONY_FMF_Marilyn_040_hlh",0,0,0,0,0,0
"589","15763_HARMONY_FMF_Marilyn_073_hll",0.191780821917808,14,1,0,0,1
"590","15763_HARMONY_FMF_Marilyn_102_lll",0.0645161290322581,4,1,0,0,1
"591","15763_HARMONY_FMF_Marilyn_112_llh",0,0,0,0,0,0
"592","15763_HARMONY_FMM_Helena_007_lhh",0,0,0,0,0,0
"593","15763_HARMONY_FMM_Helena_044_llh",0,0,0,0,0,0
"594","15763_HARMONY_FMM_Helena_048_hll",0,0,0,0,0,0
"595","15763_HARMONY_FMM_Helena_141_lhl",0.0126582278481013,1,1,0,0,1
"596","15763_HARMONY_FMM_Jeremy_014_hlh",0.015625,1,1,0,0,1
"597","15763_HARMONY_FMM_Jeremy_091_lll",0.0746268656716418,5,1,0,0,1
"598","15763_HARMONY_FMM_Jeremy_096_hhh",0,0,0,0,0,0
"599","15763_HARMONY_FMM_Marilyn_010_hhl",0,0,0,0,0,0
"600","15763_HARMONY_MFF_Helena_087_hll",0.153846153846154,10,1,0,0,1
"601","15763_HARMONY_MFF_Jeremy_003_lhh",0.0655737704918033,4,1,0,0,1
"602","15763_HARMONY_MFF_Jeremy_004_lhl",0,0,0,0,0,0
"603","15763_HARMONY_MFF_Jeremy_052_hhl",0,0,0,0,0,0
"604","15763_HARMONY_MFF_Jeremy_054_lll",0,0,0,0,0,0
"605","15763_HARMONY_MFF_Jeremy_119_llh",0.0123456790123457,1,1,0,0,1
"606","15763_HARMONY_MFF_Marilyn_013_hhh",0,0,0,0,0,0
"607","15763_HARMONY_MFF_Marilyn_079_hlh",0.012987012987013,1,1,0,0,1
"608","15763_HARMONY_MFM_Helena_018_hlh",0.123287671232877,9,1,0,0,1
"609","15763_HARMONY_MFM_Helena_038_lhh",0,0,0,0,0,0
"610","15763_HARMONY_MFM_Helena_074_hhl",0,0,0,0,0,0
"611","15763_HARMONY_MFM_Helena_110_hhh",0,0,0,0,0,0
"612","15763_HARMONY_MFM_Jeremy_086_lhl",0,0,0,0,0,0
"613","15763_HARMONY_MFM_Jeremy_100_lll",0.0547945205479452,4,1,0,0,1
"614","15763_HARMONY_MFM_Jeremy_138_hll",0.15625,10,1,0,0,1
"615","15763_HARMONY_MFM_Marilyn_123_llh",0,0,0,0,0,0
"616","15763_HARMONY_MMF_Helena_060_llh",0,0,0,0,0,0
"617","15763_HARMONY_MMF_Helena_118_lll",0.0175438596491228,1,1,0,0,1
"618","15763_HARMONY_MMF_Jeremy_051_hlh",0,0,0,0,0,0
"619","15763_HARMONY_MMF_Jeremy_113_hhh",0.0476190476190476,3,1,0,0,1
"620","15763_HARMONY_MMF_Jeremy_116_lhl",0,0,0,0,0,0
"621","15763_HARMONY_MMF_Marilyn_072_hhl",0.0746268656716418,5,1,0,0,1
"622","15763_HARMONY_MMF_Marilyn_093_lhh",0,0,0,0,0,0
"623","15763_HARMONY_MMF_Marilyn_105_hll",0.0634920634920635,4,1,0,0,1
"624","15763_MADELYN_FFM_Helena_043_hhl",0.0125,1,1,0,0,1
"625","15763_MADELYN_FFM_Helena_046_hll",0,0,0,0,0,0
"626","15763_MADELYN_FFM_Helena_135_llh",0,0,0,0,0,0
"627","15763_MADELYN_FFM_Jeremy_062_lhh",0,0,0,0,0,0
"628","15763_MADELYN_FFM_Jeremy_129_lll",0,0,0,0,0,0
"629","15763_MADELYN_FFM_Marilyn_023_hhh",0,0,0,0,0,0
"630","15763_MADELYN_FFM_Marilyn_125_hlh",0,0,0,0,0,0
"631","15763_MADELYN_FFM_Marilyn_126_lhl",0,0,0,0,0,0
"632","15763_MADELYN_FMF_Helena_002_lhh",0,0,0,0,0,0
"633","15763_MADELYN_FMF_Helena_101_llh",0,0,0,0,0,0
"634","15763_MADELYN_FMF_Jeremy_045_lhl",0,0,0,0,0,0
"635","15763_MADELYN_FMF_Jeremy_122_hlh",0.136986301369863,10,1,0,0,1
"636","15763_MADELYN_FMF_Marilyn_050_hhh",0,0,0,0,0,0
"637","15763_MADELYN_FMF_Marilyn_078_hhl",0,0,0,0,0,0
"638","15763_MADELYN_FMF_Marilyn_084_hll",0.142857142857143,10,1,0,0,1
"639","15763_MADELYN_FMF_Marilyn_128_lll",0,0,0,0,0,0
"640","15763_MADELYN_FMM_Helena_111_lll",0,0,0,0,0,0
"641","15763_MADELYN_FMM_Jeremy_036_lhl",0,0,0,0,0,0
"642","15763_MADELYN_FMM_Jeremy_047_lhh",0,0,0,0,0,0
"643","15763_MADELYN_FMM_Jeremy_064_llh",0,0,0,0,0,0
"644","15763_MADELYN_FMM_Jeremy_109_hll",0,0,0,0,0,0
"645","15763_MADELYN_FMM_Jeremy_115_hhl",0,0,0,0,0,0
"646","15763_MADELYN_FMM_Jeremy_137_hhh",0,0,0,0,0,0
"647","15763_MADELYN_FMM_Marilyn_056_hlh",0,0,0,0,0,0
"648","15763_MADELYN_MFF_Helena_025_llh",0,0,0,0,0,0
"649","15763_MADELYN_MFF_Helena_080_hhh",0,0,0,0,0,0
"650","15763_MADELYN_MFF_Helena_089_lhh",0,0,0,0,0,0
"651","15763_MADELYN_MFF_Jeremy_011_hlh",0,0,0,0,0,0
"652","15763_MADELYN_MFF_Jeremy_140_hhl",0.0142857142857143,1,1,0,0,1
"653","15763_MADELYN_MFF_Marilyn_082_lll",0.136363636363636,9,1,0,0,1
"654","15763_MADELYN_MFF_Marilyn_095_lhl",0,0,0,0,0,0
"655","15763_MADELYN_MFF_Marilyn_124_hll",0.0857142857142857,6,1,0,0,1
"656","15763_MADELYN_MFM_Helena_005_hlh",0,0,0,0,0,0
"657","15763_MADELYN_MFM_Helena_034_hhl",0,0,0,0,0,0
"658","15763_MADELYN_MFM_Helena_104_llh",0,0,0,0,0,0
"659","15763_MADELYN_MFM_Helena_136_hll",0.0266666666666667,2,1,0,0,1
"660","15763_MADELYN_MFM_Jeremy_008_lll",0.131147540983607,8,1,0,0,1
"661","15763_MADELYN_MFM_Jeremy_024_lhh",0,0,0,0,0,0
"662","15763_MADELYN_MFM_Jeremy_103_hhh",0,0,0,0,0,0
"663","15763_MADELYN_MFM_Marilyn_134_lhl",0,0,0,0,0,0
"664","15763_MADELYN_MMF_Helena_066_lhh",0,0,0,0,0,0
"665","15763_MADELYN_MMF_Helena_121_hhl",0,0,0,0,0,0
"666","15763_MADELYN_MMF_Jeremy_026_llh",0,0,0,0,0,0
"667","15763_MADELYN_MMF_Jeremy_030_lhl",0,0,0,0,0,0
"668","15763_MADELYN_MMF_Jeremy_088_hll",0.116883116883117,9,1,0,0,1
"669","15763_MADELYN_MMF_Marilyn_069_hlh",0,0,0,0,0,0
"670","15763_MADELYN_MMF_Marilyn_076_lll",0.125,9,1,0,0,1
"671","15763_MADELYN_MMF_Marilyn_143_hhh",0,0,0,0,0,0
"672","15763_MELANIE_FFM_Helena_012_lhh",0,0,0,0,0,0
"673","15763_MELANIE_FFM_Helena_015_hhl",0,0,0,0,0,0
"674","15763_MELANIE_FFM_Helena_059_hhh",0,0,0,0,0,0
"675","15763_MELANIE_FFM_Helena_142_hlh",0.169491525423729,10,1,0,0,1
"676","15763_MELANIE_FFM_Jeremy_041_lll",0,0,0,0,0,0
"677","15763_MELANIE_FFM_Jeremy_083_llh",0,0,0,0,0,0
"678","15763_MELANIE_FFM_Marilyn_022_lhl",0,0,0,0,0,0
"679","15763_MELANIE_FFM_Marilyn_099_hll",0.0757575757575758,5,1,0,0,1
"680","15763_MELANIE_FMF_Helena_067_hhl",0,0,0,0,0,0
"681","15763_MELANIE_FMF_Jeremy_039_lll",0,0,0,0,0,0
"682","15763_MELANIE_FMF_Jeremy_057_lhl",0,0,0,0,0,0
"683","15763_MELANIE_FMF_Jeremy_094_hlh",0,0,0,0,0,0
"684","15763_MELANIE_FMF_Jeremy_117_hll",0.0701754385964912,4,1,0,0,1
"685","15763_MELANIE_FMF_Jeremy_127_llh",0,0,0,0,0,0
"686","15763_MELANIE_FMF_Marilyn_009_hhh",0,0,0,0,0,0
"687","15763_MELANIE_FMF_Marilyn_061_lhh",0,0,0,0,0,0
"688","15763_MELANIE_FMM_Helena_065_hll",0,0,0,0,0,0
"689","15763_MELANIE_FMM_Helena_092_hlh",0,0,0,0,0,0
"690","15763_MELANIE_FMM_Jeremy_001_hhl",0,0,0,0,0,0
"691","15763_MELANIE_FMM_Jeremy_017_llh",0,0,0,0,0,0
"692","15763_MELANIE_FMM_Jeremy_035_lll",0.0862068965517241,5,1,0,0,1
"693","15763_MELANIE_FMM_Jeremy_106_lhl",0,0,0,0,0,0
"694","15763_MELANIE_FMM_Jeremy_114_hhh",0,0,0,0,0,0
"695","15763_MELANIE_FMM_Marilyn_131_lhh",0,0,0,0,0,0
"696","15763_MELANIE_MFF_Helena_016_hll",0.0677966101694915,4,1,0,0,1
"697","15763_MELANIE_MFF_Helena_055_lhl",0,0,0,0,0,0
"698","15763_MELANIE_MFF_Helena_090_lhh",0,0,0,0,0,0
"699","15763_MELANIE_MFF_Helena_144_hhl",0,0,0,0,0,0
"700","15763_MELANIE_MFF_Jeremy_032_lll",0,0,0,0,0,0
"701","15763_MELANIE_MFF_Jeremy_097_hhh",0,0,0,0,0,0
"702","15763_MELANIE_MFF_Marilyn_053_hlh",0,0,0,0,0,0
"703","15763_MELANIE_MFF_Marilyn_068_llh",0,0,0,0,0,0
"704","15763_MELANIE_MFM_Helena_098_lhl",0,0,0,0,0,0
"705","15763_MELANIE_MFM_Jeremy_006_hhl",0,0,0,0,0,0
"706","15763_MELANIE_MFM_Jeremy_029_hhh",0,0,0,0,0,0
"707","15763_MELANIE_MFM_Jeremy_085_hll",0.0892857142857143,5,1,0,0,1
"708","15763_MELANIE_MFM_Jeremy_130_llh",0.136986301369863,10,1,0,0,1
"709","15763_MELANIE_MFM_Marilyn_058_lll",0,0,0,0,0,0
"710","15763_MELANIE_MFM_Marilyn_132_hlh",0,0,0,0,0,0
"711","15763_MELANIE_MFM_Marilyn_133_lhh",0,0,0,0,0,0
"712","15763_MELANIE_MMF_Helena_021_hll",0,0,0,0,0,0
"713","15763_MELANIE_MMF_Helena_108_lll",0.087719298245614,5,1,0,0,1
"714","15763_MELANIE_MMF_Helena_120_hhl",0,0,0,0,0,0
"715","15763_MELANIE_MMF_Helena_139_llh",0,0,0,0,0,0
"716","15763_MELANIE_MMF_Jeremy_033_lhl",0,0,0,0,0,0
"717","15763_MELANIE_MMF_Jeremy_037_hlh",0,0,0,0,0,0
"718","15763_MELANIE_MMF_Jeremy_077_hhh",0,0,0,0,0,0
"719","15763_MELANIE_MMF_Marilyn_028_lhh",0,0,0,0,0,0
"720","15775_HARMONY_FFM_Helena_031_hhh",0,0,0,0,0,0
"721","15775_HARMONY_FFM_Helena_068_hlh",0,0,0,0,0,0
"722","15775_HARMONY_FFM_Helena_110_hhl",0,0,0,0,0,0
"723","15775_HARMONY_FFM_Jeremy_084_lll",0,0,0,0,0,0
"724","15775_HARMONY_FFM_Jeremy_088_hll",0,0,0,0,0,0
"725","15775_HARMONY_FFM_Marilyn_089_lhl",0,0,0,0,0,0
"726","15775_HARMONY_FMF_Helena_019_hhl",0,0,0,0,0,0
"727","15775_HARMONY_FMF_Jeremy_053_lhh",0,0,0,0,0,0
"728","15775_HARMONY_FMF_Marilyn_038_llh",0,0,0,0,0,0
"729","15775_HARMONY_FMF_Marilyn_066_hll",0,0,0,0,0,0
"730","15775_HARMONY_FMF_Marilyn_097_hlh",0,0,0,0,0,0
"731","15775_HARMONY_FMF_Marilyn_102_lll",0,0,0,0,0,0
"732","15775_HARMONY_FMM_Helena_015_hll",0,0,0,0,0,0
"733","15775_HARMONY_FMM_Helena_022_lhh",0,0,0,0,0,0
"734","15775_HARMONY_FMM_Helena_042_llh",0,0,0,0,0,0
"735","15775_HARMONY_FMM_Helena_118_lhl",0,0,0,0,0,0
"736","15775_HARMONY_FMM_Jeremy_020_lll",0,0,0,0,0,0
"737","15775_HARMONY_FMM_Jeremy_030_hlh",0.0144927536231884,1,1,0,0,1
"738","15775_HARMONY_FMM_Marilyn_062_hhl",0,0,0,0,0,0
"739","15775_HARMONY_MFF_Helena_027_hll",0.0166666666666667,1,1,0,0,1
"740","15775_HARMONY_MFF_Jeremy_047_llh",0,0,0,0,0,0
"741","15775_HARMONY_MFF_Jeremy_073_lhl",0,0,0,0,0,0
"742","15775_HARMONY_MFF_Jeremy_076_lll",0.0689655172413793,4,1,0,0,1
"743","15775_HARMONY_MFF_Jeremy_085_lhh",0,0,0,0,0,0
"744","15775_HARMONY_MFF_Marilyn_012_hhh",0,0,0,0,0,0
"745","15775_HARMONY_MFF_Marilyn_054_hlh",0,0,0,0,0,0
"746","15775_HARMONY_MFM_Helena_029_lhh",0,0,0,0,0,0
"747","15775_HARMONY_MFM_Helena_091_hhh",0,0,0,0,0,0
"748","15775_HARMONY_MFM_Helena_104_hhl",0,0,0,0,0,0
"749","15775_HARMONY_MFM_Helena_106_hlh",0,0,0,0,0,0
"750","15775_HARMONY_MFM_Jeremy_006_lhl",0,0,0,0,0,0
"751","15775_HARMONY_MFM_Jeremy_059_lll",0,0,0,0,0,0
"752","15775_HARMONY_MFM_Jeremy_065_hll",0,0,0,0,0,0
"753","15775_HARMONY_MMF_Helena_026_lll",0.0377358490566038,2,1,0,0,1
"754","15775_HARMONY_MMF_Helena_067_llh",0,0,0,0,0,0
"755","15775_HARMONY_MMF_Jeremy_037_hhh",0,0,0,0,0,0
"756","15775_HARMONY_MMF_Jeremy_052_hlh",0,0,0,0,0,0
"757","15775_HARMONY_MMF_Jeremy_080_lhl",0,0,0,0,0,0
"758","15775_HARMONY_MMF_Marilyn_033_hhl",0,0,0,0,0,0
"759","15775_HARMONY_MMF_Marilyn_048_lhh",0,0,0,0,0,0
"760","15775_HARMONY_MMF_Marilyn_105_hll",0,0,0,0,0,0
"761","15775_MADELYN_FFM_Helena_016_llh",0,0,0,0,0,0
"762","15775_MADELYN_FFM_Helena_043_hhl",0,0,0,0,0,0
"763","15775_MADELYN_FFM_Helena_049_hll",0,0,0,0,0,0
"764","15775_MADELYN_FFM_Jeremy_060_lhh",0,0,0,0,0,0
"765","15775_MADELYN_FFM_Jeremy_071_lll",0,0,0,0,0,0
"766","15775_MADELYN_FFM_Marilyn_034_hlh",0,0,0,0,0,0
"767","15775_MADELYN_FFM_Marilyn_044_lhl",0,0,0,0,0,0
"768","15775_MADELYN_FFM_Marilyn_072_hhh",0,0,0,0,0,0
"769","15775_MADELYN_FMF_Helena_078_lhh",0,0,0,0,0,0
"770","15775_MADELYN_FMF_Jeremy_070_lhl",0,0,0,0,0,0
"771","15775_MADELYN_FMF_Jeremy_099_hlh",0,0,0,0,0,0
"772","15775_MADELYN_FMF_Marilyn_013_lll",0,0,0,0,0,0
"773","15775_MADELYN_FMF_Marilyn_014_hhh",0,0,0,0,0,0
"774","15775_MADELYN_FMF_Marilyn_075_hll",0,0,0,0,0,0
"775","15775_MADELYN_FMF_Marilyn_093_hhl",0,0,0,0,0,0
"776","15775_MADELYN_FMM_Jeremy_008_lhh",0,0,0,0,0,0
"777","15775_MADELYN_FMM_Jeremy_023_llh",0,0,0,0,0,0
"778","15775_MADELYN_FMM_Jeremy_040_hhl",0,0,0,0,0,0
"779","15775_MADELYN_FMM_Jeremy_063_lhl",0,0,0,0,0,0
"780","15775_MADELYN_FMM_Marilyn_046_hlh",0,0,0,0,0,0
"781","15775_MADELYN_MFF_Helena_116_llh",0,0,0,0,0,0
"782","15775_MADELYN_MFF_Jeremy_092_hhl",0,0,0,0,0,0
"783","15775_MADELYN_MFF_Marilyn_002_hll",0,0,0,0,0,0
"784","15775_MADELYN_MFF_Marilyn_036_lll",0.0606060606060606,4,1,0,0,1
"785","15775_MADELYN_MFF_Marilyn_041_lhl",0,0,0,0,0,0
"786","15775_MADELYN_MFM_Helena_010_llh",0,0,0,0,0,0
"787","15775_MADELYN_MFM_Helena_017_hhl",0,0,0,0,0,0
"788","15775_MADELYN_MFM_Jeremy_032_lll",0.171428571428571,12,1,0,0,1
"789","15775_MADELYN_MFM_Jeremy_035_lhh",0,0,0,0,0,0
"790","15775_MADELYN_MFM_Jeremy_107_hhh",0,0,0,0,0,0
"791","15775_MADELYN_MFM_Marilyn_001_lhl",0,0,0,0,0,0
"792","15775_MADELYN_MMF_Helena_004_lhh",0,0,0,0,0,0
"793","15775_MADELYN_MMF_Helena_086_hhl",0,0,0,0,0,0
"794","15775_MADELYN_MMF_Marilyn_009_lll",0,0,0,0,0,0
"795","15775_MADELYN_MMF_Marilyn_051_hhh",0,0,0,0,0,0
"796","15775_MADELYN_MMF_Marilyn_069_hlh",0,0,0,0,0,0
"797","15775_MELANIE_FFM_Helena_003_lhh",0,0,0,0,0,0
"798","15775_MELANIE_FFM_Helena_058_hhh",0,0,0,0,0,0
"799","15775_MELANIE_FFM_Helena_101_hlh",0,0,0,0,0,0
"800","15775_MELANIE_FFM_Jeremy_005_llh",0,0,0,0,0,0
"801","15775_MELANIE_FFM_Jeremy_082_lll",0,0,0,0,0,0
"802","15775_MELANIE_FFM_Marilyn_021_hll",0,0,0,0,0,0
"803","15775_MELANIE_FFM_Marilyn_095_lhl",0,0,0,0,0,0
"804","15775_MELANIE_FMF_Helena_096_hhl",0,0,0,0,0,0
"805","15775_MELANIE_FMF_Jeremy_024_lll",0,0,0,0,0,0
"806","15775_MELANIE_FMF_Jeremy_028_llh",0,0,0,0,0,0
"807","15775_MELANIE_FMF_Jeremy_055_hlh",0,0,0,0,0,0
"808","15775_MELANIE_FMF_Jeremy_074_lhl",0,0,0,0,0,0
"809","15775_MELANIE_FMM_Helena_064_hll",0,0,0,0,0,0
"810","15775_MELANIE_FMM_Jeremy_018_hhh",0,0,0,0,0,0
"811","15775_MELANIE_FMM_Jeremy_045_llh",0,0,0,0,0,0
"812","15775_MELANIE_FMM_Jeremy_050_hhl",0,0,0,0,0,0
"813","15775_MELANIE_FMM_Jeremy_083_lhl",0,0,0,0,0,0
"814","15775_MELANIE_FMM_Jeremy_108_lll",0.087719298245614,5,1,0,0,1
"815","15775_MELANIE_FMM_Marilyn_057_lhh",0,0,0,0,0,0
"816","15775_MELANIE_MFF_Helena_056_hll",0,0,0,0,0,0
"817","15775_MELANIE_MFF_Helena_077_lhh",0,0,0,0,0,0
"818","15775_MELANIE_MFF_Helena_087_hhl",0,0,0,0,0,0
"819","15775_MELANIE_MFF_Helena_094_lhl",0,0,0,0,0,0
"820","15775_MELANIE_MFF_Jeremy_098_lll",0,0,0,0,0,0
"821","15775_MELANIE_MFF_Jeremy_100_hhh",0,0,0,0,0,0
"822","15775_MELANIE_MFF_Marilyn_025_hlh",0,0,0,0,0,0
"823","15775_MELANIE_MFF_Marilyn_103_llh",0,0,0,0,0,0
"824","15775_MELANIE_MFM_Jeremy_090_hhh",0,0,0,0,0,0
"825","15775_MELANIE_MFM_Jeremy_109_hhl",0,0,0,0,0,0
"826","15775_MELANIE_MFM_Marilyn_039_hlh",0,0,0,0,0,0
"827","15775_MELANIE_MMF_Helena_007_llh",0,0,0,0,0,0
"828","15775_MELANIE_MMF_Helena_011_lll",0,0,0,0,0,0
"829","15775_MELANIE_MMF_Helena_111_hll",0,0,0,0,0,0
"830","15775_MELANIE_MMF_Jeremy_079_lhl",0,0,0,0,0,0
"831","15775_MELANIE_MMF_Jeremy_081_hhh",0,0,0,0,0,0
"832","15775_MELANIE_MMF_Marilyn_112_lhh",0,0,0,0,0,0
"833","15778_HARMONY_FFM_Helena_003_lhh",0.0677966101694915,4,1,0,0,1
"834","15778_HARMONY_FFM_Helena_014_llh",0,0,0,0,0,0
"835","15778_HARMONY_FFM_Helena_022_hlh",0,0,0,0,0,0
"836","15778_HARMONY_FFM_Helena_034_hhh",0.0571428571428571,4,1,0,0,1
"837","15778_HARMONY_FFM_Helena_064_hhl",0.0307692307692308,2,1,0,0,1
"838","15778_HARMONY_FFM_Jeremy_015_hll",0,0,0,0,0,0
"839","15778_HARMONY_FFM_Jeremy_033_lll",0,0,0,0,0,0
"840","15778_HARMONY_FFM_Marilyn_099_lhl",0,0,0,0,0,0
"841","15778_HARMONY_FMF_Helena_111_hhl",0,0,0,0,0,0
"842","15778_HARMONY_FMF_Helena_141_lhl",0,0,0,0,0,0
"843","15778_HARMONY_FMF_Jeremy_039_lhh",0,0,0,0,0,0
"844","15778_HARMONY_FMF_Jeremy_134_hhh",0.0256410256410256,2,1,0,0,1
"845","15778_HARMONY_FMF_Marilyn_021_hlh",0,0,0,0,0,0
"846","15778_HARMONY_FMF_Marilyn_043_llh",0,0,0,0,0,0
"847","15778_HARMONY_FMF_Marilyn_096_lll",0.0657894736842105,5,1,0,0,1
"848","15778_HARMONY_FMF_Marilyn_104_hll",0.0704225352112676,5,1,0,0,1
"849","15778_HARMONY_FMM_Helena_029_lhh",0,0,0,0,0,0
"850","15778_HARMONY_FMM_Helena_054_hll",0.0597014925373134,4,1,0,0,1
"851","15778_HARMONY_FMM_Helena_058_llh",0,0,0,0,0,0
"852","15778_HARMONY_FMM_Helena_077_lhl",0,0,0,0,0,0
"853","15778_HARMONY_FMM_Jeremy_083_hlh",0,0,0,0,0,0
"854","15778_HARMONY_FMM_Jeremy_098_hhh",0,0,0,0,0,0
"855","15778_HARMONY_FMM_Jeremy_127_lll",0,0,0,0,0,0
"856","15778_HARMONY_FMM_Marilyn_112_hhl",0,0,0,0,0,0
"857","15778_HARMONY_MFF_Helena_082_hll",0,0,0,0,0,0
"858","15778_HARMONY_MFF_Jeremy_007_hhl",0.0862068965517241,5,1,0,0,1
"859","15778_HARMONY_MFF_Jeremy_055_lll",0,0,0,0,0,0
"860","15778_HARMONY_MFF_Jeremy_071_lhh",0,0,0,0,0,0
"861","15778_HARMONY_MFF_Jeremy_086_lhl",0,0,0,0,0,0
"862","15778_HARMONY_MFF_Jeremy_142_llh",0,0,0,0,0,0
"863","15778_HARMONY_MFF_Marilyn_044_hhh",0,0,0,0,0,0
"864","15778_HARMONY_MFF_Marilyn_108_hlh",0,0,0,0,0,0
"865","15778_HARMONY_MFM_Helena_053_hlh",0,0,0,0,0,0
"866","15778_HARMONY_MFM_Helena_066_hhl",0.0175438596491228,1,1,0,0,1
"867","15778_HARMONY_MFM_Helena_084_hhh",0,0,0,0,0,0
"868","15778_HARMONY_MFM_Helena_109_lhh",0.0945945945945946,7,1,0,0,1
"869","15778_HARMONY_MFM_Jeremy_013_lhl",0,0,0,0,0,0
"870","15778_HARMONY_MFM_Jeremy_026_hll",0,0,0,0,0,0
"871","15778_HARMONY_MFM_Jeremy_137_lll",0,0,0,0,0,0
"872","15778_HARMONY_MFM_Marilyn_133_llh",0,0,0,0,0,0
"873","15778_HARMONY_MMF_Helena_030_llh",0.0508474576271186,3,1,0,0,1
"874","15778_HARMONY_MMF_Helena_129_lll",0,0,0,0,0,0
"875","15778_HARMONY_MMF_Jeremy_023_lhl",0.0491803278688525,3,1,0,0,1
"876","15778_HARMONY_MMF_Jeremy_068_hhh",0.0125,1,1,0,0,1
"877","15778_HARMONY_MMF_Jeremy_139_hlh",0,0,0,0,0,0
"878","15778_HARMONY_MMF_Marilyn_059_hll",0.112903225806452,7,1,0,0,1
"879","15778_HARMONY_MMF_Marilyn_092_lhh",0.0151515151515152,1,1,0,0,1
"880","15778_HARMONY_MMF_Marilyn_101_hhl",0,0,0,0,0,0
"881","15778_MADELYN_FFM_Helena_085_llh",0,0,0,0,0,0
"882","15778_MADELYN_FFM_Helena_090_hll",0,0,0,0,0,0
"883","15778_MADELYN_FFM_Helena_117_hhl",0,0,0,0,0,0
"884","15778_MADELYN_FFM_Jeremy_005_lll",0,0,0,0,0,0
"885","15778_MADELYN_FFM_Jeremy_065_lhh",0,0,0,0,0,0
"886","15778_MADELYN_FFM_Marilyn_006_hhh",0,0,0,0,0,0
"887","15778_MADELYN_FFM_Marilyn_119_hlh",0,0,0,0,0,0
"888","15778_MADELYN_FFM_Marilyn_132_lhl",0,0,0,0,0,0
"889","15778_MADELYN_FMF_Helena_074_llh",0,0,0,0,0,0
"890","15778_MADELYN_FMF_Helena_094_lhh",0,0,0,0,0,0
"891","15778_MADELYN_FMF_Jeremy_012_hlh",0,0,0,0,0,0
"892","15778_MADELYN_FMF_Jeremy_144_lhl",0.185185185185185,10,1,0,0,1
"893","15778_MADELYN_FMF_Marilyn_019_hhl",0,0,0,0,0,0
"894","15778_MADELYN_FMF_Marilyn_079_lll",0.0677966101694915,4,1,0,0,1
"895","15778_MADELYN_FMF_Marilyn_091_hhh",0,0,0,0,0,0
"896","15778_MADELYN_FMM_Helena_102_lll",0,0,0,0,0,0
"897","15778_MADELYN_FMM_Jeremy_011_hhh",0,0,0,0,0,0
"898","15778_MADELYN_FMM_Jeremy_032_lhh",0,0,0,0,0,0
"899","15778_MADELYN_FMM_Jeremy_061_lhl",0,0,0,0,0,0
"900","15778_MADELYN_FMM_Jeremy_103_hll",0,0,0,0,0,0
"901","15778_MADELYN_FMM_Jeremy_113_llh",0,0,0,0,0,0
"902","15778_MADELYN_FMM_Jeremy_143_hhl",0,0,0,0,0,0
"903","15778_MADELYN_FMM_Marilyn_136_hlh",0,0,0,0,0,0
"904","15778_MADELYN_MFF_Helena_028_llh",0.0476190476190476,3,1,0,0,1
"905","15778_MADELYN_MFF_Helena_080_lhh",0,0,0,0,0,0
"906","15778_MADELYN_MFF_Helena_131_hhh",0,0,0,0,0,0
"907","15778_MADELYN_MFF_Jeremy_123_hhl",0,0,0,0,0,0
"908","15778_MADELYN_MFF_Jeremy_128_hlh",0,0,0,0,0,0
"909","15778_MADELYN_MFF_Marilyn_057_lll",0,0,0,0,0,0
"910","15778_MADELYN_MFF_Marilyn_060_hll",0,0,0,0,0,0
"911","15778_MADELYN_MFF_Marilyn_120_lhl",0,0,0,0,0,0
"912","15778_MADELYN_MFM_Helena_004_hll",0,0,0,0,0,0
"913","15778_MADELYN_MFM_Helena_024_hlh",0,0,0,0,0,0
"914","15778_MADELYN_MFM_Helena_036_llh",0,0,0,0,0,0
"915","15778_MADELYN_MFM_Helena_116_hhl",0.0793650793650794,5,1,0,0,1
"916","15778_MADELYN_MFM_Jeremy_020_hhh",0,0,0,0,0,0
"917","15778_MADELYN_MFM_Jeremy_049_lll",0,0,0,0,0,0
"918","15778_MADELYN_MFM_Jeremy_106_lhh",0,0,0,0,0,0
"919","15778_MADELYN_MFM_Marilyn_105_lhl",0,0,0,0,0,0
"920","15778_MADELYN_MMF_Helena_025_lhh",0,0,0,0,0,0
"921","15778_MADELYN_MMF_Jeremy_002_lhl",0,0,0,0,0,0
"922","15778_MADELYN_MMF_Jeremy_051_llh",0,0,0,0,0,0
"923","15778_MADELYN_MMF_Jeremy_126_hll",0.0422535211267606,3,1,0,0,1
"924","15778_MADELYN_MMF_Marilyn_046_lll",0,0,0,0,0,0
"925","15778_MADELYN_MMF_Marilyn_076_hlh",0,0,0,0,0,0
"926","15778_MADELYN_MMF_Marilyn_121_hhh",0,0,0,0,0,0
"927","15778_MELANIE_FFM_Helena_038_hhl",0,0,0,0,0,0
"928","15778_MELANIE_FFM_Helena_069_hhh",0,0,0,0,0,0
"929","15778_MELANIE_FFM_Jeremy_048_llh",0,0,0,0,0,0
"930","15778_MELANIE_FFM_Jeremy_130_lll",0,0,0,0,0,0
"931","15778_MELANIE_FFM_Marilyn_018_hll",0,0,0,0,0,0
"932","15778_MELANIE_FFM_Marilyn_093_lhl",0,0,0,0,0,0
"933","15778_MELANIE_FMF_Helena_075_hhl",0,0,0,0,0,0
"934","15778_MELANIE_FMF_Jeremy_050_hlh",0,0,0,0,0,0
"935","15778_MELANIE_FMF_Jeremy_072_lhl",0,0,0,0,0,0
"936","15778_MELANIE_FMF_Jeremy_097_lll",0,0,0,0,0,0
"937","15778_MELANIE_FMF_Jeremy_100_hll",0,0,0,0,0,0
"938","15778_MELANIE_FMF_Jeremy_122_llh",0,0,0,0,0,0
"939","15778_MELANIE_FMF_Marilyn_081_hhh",0,0,0,0,0,0
"940","15778_MELANIE_FMF_Marilyn_125_lhh",0,0,0,0,0,0
"941","15778_MELANIE_FMM_Helena_040_hll",0,0,0,0,0,0
"942","15778_MELANIE_FMM_Helena_070_hlh",0.145161290322581,9,1,0,0,1
"943","15778_MELANIE_FMM_Jeremy_035_llh",0.147540983606557,9,1,0,0,1
"944","15778_MELANIE_FMM_Jeremy_052_hhh",0,0,0,0,0,0
"945","15778_MELANIE_FMM_Jeremy_089_lll",0.0806451612903226,5,1,0,0,1
"946","15778_MELANIE_FMM_Jeremy_124_lhl",0,0,0,0,0,0
"947","15778_MELANIE_FMM_Marilyn_073_lhh",0,0,0,0,0,0
"948","15778_MELANIE_MFF_Helena_115_hhl",0,0,0,0,0,0
"949","15778_MELANIE_MFF_Helena_118_lhh",0,0,0,0,0,0
"950","15778_MELANIE_MFF_Helena_135_lhl",0,0,0,0,0,0
"951","15778_MELANIE_MFF_Helena_138_hll",0.0892857142857143,5,1,0,0,1
"952","15778_MELANIE_MFF_Jeremy_037_lll",0,0,0,0,0,0
"953","15778_MELANIE_MFF_Marilyn_067_hlh",0,0,0,0,0,0
"954","15778_MELANIE_MFF_Marilyn_114_llh",0,0,0,0,0,0
"955","15778_MELANIE_MFM_Helena_087_lhl",0,0,0,0,0,0
"956","15778_MELANIE_MFM_Jeremy_088_hhl",0,0,0,0,0,0
"957","15778_MELANIE_MFM_Jeremy_110_llh",0,0,0,0,0,0
"958","15778_MELANIE_MFM_Marilyn_027_hlh",0,0,0,0,0,0
"959","15778_MELANIE_MFM_Marilyn_062_lhh",0,0,0,0,0,0
"960","15778_MELANIE_MFM_Marilyn_140_lll",0,0,0,0,0,0
"961","15778_MELANIE_MMF_Helena_047_lll",0,0,0,0,0,0
"962","15778_MELANIE_MMF_Helena_078_hhl",0,0,0,0,0,0
"963","15778_MELANIE_MMF_Helena_095_hll",0,0,0,0,0,0
"964","15778_MELANIE_MMF_Jeremy_042_lhl",0,0,0,0,0,0
"965","15778_MELANIE_MMF_Jeremy_063_hhh",0,0,0,0,0,0
"966","15778_MELANIE_MMF_Marilyn_041_lhh",0,0,0,0,0,0
"967","15781_HARMONY_FFM_Helena_048_hlh",0,0,0,0,0,0
"968","15781_HARMONY_FFM_Helena_055_lhh",0,0,0,0,0,0
"969","15781_HARMONY_FFM_Helena_086_hhl",0,0,0,0,0,0
"970","15781_HARMONY_FFM_Helena_119_llh",0,0,0,0,0,0
"971","15781_HARMONY_FFM_Helena_144_hhh",0.1,5,1,0,0,1
"972","15781_HARMONY_FFM_Jeremy_013_hll",0,0,0,0,0,0
"973","15781_HARMONY_FFM_Jeremy_039_lll",0,0,0,0,0,0
"974","15781_HARMONY_FFM_Marilyn_019_lhl",0,0,0,0,0,0
"975","15781_HARMONY_FMF_Helena_035_hhl",0,0,0,0,0,0
"976","15781_HARMONY_FMF_Helena_115_lhl",0,0,0,0,0,0
"977","15781_HARMONY_FMF_Jeremy_021_lhh",0,0,0,0,0,0
"978","15781_HARMONY_FMF_Jeremy_085_hhh",0,0,0,0,0,0
"979","15781_HARMONY_FMF_Marilyn_067_llh",0,0,0,0,0,0
"980","15781_HARMONY_FMF_Marilyn_078_hlh",0,0,0,0,0,0
"981","15781_HARMONY_FMF_Marilyn_097_hll",0,0,0,0,0,0
"982","15781_HARMONY_FMF_Marilyn_126_lll",0,0,0,0,0,0
"983","15781_HARMONY_FMM_Helena_029_hll",0,0,0,0,0,0
"984","15781_HARMONY_FMM_Helena_056_lhh",0,0,0,0,0,0
"985","15781_HARMONY_FMM_Helena_134_llh",0,0,0,0,0,0
"986","15781_HARMONY_FMM_Helena_138_lhl",0,0,0,0,0,0
"987","15781_HARMONY_FMM_Jeremy_041_lll",0,0,0,0,0,0
"988","15781_HARMONY_FMM_Jeremy_101_hlh",0,0,0,0,0,0
"989","15781_HARMONY_FMM_Jeremy_137_hhh",0,0,0,0,0,0
"990","15781_HARMONY_FMM_Marilyn_044_hhl",0,0,0,0,0,0
"991","15781_HARMONY_MFF_Helena_037_hll",0.208333333333333,10,1,0,0,1
"992","15781_HARMONY_MFF_Jeremy_003_hhl",0,0,0,0,0,0
"993","15781_HARMONY_MFF_Jeremy_006_lhh",0,0,0,0,0,0
"994","15781_HARMONY_MFF_Jeremy_024_lll",0,0,0,0,0,0
"995","15781_HARMONY_MFF_Jeremy_140_lhl",0,0,0,0,0,0
"996","15781_HARMONY_MFF_Jeremy_142_llh",0,0,0,0,0,0
"997","15781_HARMONY_MFF_Marilyn_070_hlh",0,0,0,0,0,0
"998","15781_HARMONY_MFF_Marilyn_083_hhh",0,0,0,0,0,0
"999","15781_HARMONY_MFM_Helena_036_hhh",0,0,0,0,0,0
"1000","15781_HARMONY_MFM_Helena_081_hlh",0,0,0,0,0,0
"1001","15781_HARMONY_MFM_Helena_082_lhh",0,0,0,0,0,0
"1002","15781_HARMONY_MFM_Jeremy_072_lhl",0,0,0,0,0,0
"1003","15781_HARMONY_MFM_Jeremy_114_hll",0,0,0,0,0,0
"1004","15781_HARMONY_MFM_Marilyn_023_llh",0.0961538461538462,5,1,0,0,1
"1005","15781_HARMONY_MMF_Helena_076_llh",0.111111111111111,5,1,0,0,1
"1006","15781_HARMONY_MMF_Jeremy_057_hlh",0,0,0,0,0,0
"1007","15781_HARMONY_MMF_Jeremy_063_hhh",0,0,0,0,0,0
"1008","15781_HARMONY_MMF_Jeremy_089_lhl",0,0,0,0,0,0
"1009","15781_HARMONY_MMF_Marilyn_042_lhh",0,0,0,0,0,0
"1010","15781_HARMONY_MMF_Marilyn_050_hhl",0,0,0,0,0,0
"1011","15781_HARMONY_MMF_Marilyn_120_hll",0,0,0,0,0,0
"1012","15781_MADELYN_FFM_Helena_028_hll",0,0,0,0,0,0
"1013","15781_MADELYN_FFM_Helena_079_llh",0,0,0,0,0,0
"1014","15781_MADELYN_FFM_Helena_106_hhl",0,0,0,0,0,0
"1015","15781_MADELYN_FFM_Jeremy_074_lhh",0,0,0,0,0,0
"1016","15781_MADELYN_FFM_Jeremy_098_lll",0.2,9,1,0,0,1
"1017","15781_MADELYN_FFM_Marilyn_091_lhl",0,0,0,0,0,0
"1018","15781_MADELYN_FFM_Marilyn_113_hlh",0,0,0,0,0,0
"1019","15781_MADELYN_FFM_Marilyn_118_hhh",0,0,0,0,0,0
"1020","15781_MADELYN_FMF_Helena_030_llh",0.0847457627118644,5,1,0,0,1
"1021","15781_MADELYN_FMF_Helena_123_lhh",0,0,0,0,0,0
"1022","15781_MADELYN_FMF_Jeremy_016_lhl",0,0,0,0,0,0
"1023","15781_MADELYN_FMF_Jeremy_031_hlh",0,0,0,0,0,0
"1024","15781_MADELYN_FMF_Marilyn_004_hhh",0,0,0,0,0,0
"1025","15781_MADELYN_FMF_Marilyn_022_hll",0,0,0,0,0,0
"1026","15781_MADELYN_FMF_Marilyn_040_lll",0.0392156862745098,2,1,0,0,1
"1027","15781_MADELYN_FMF_Marilyn_071_hhl",0,0,0,0,0,0
"1028","15781_MADELYN_FMM_Helena_025_lll",0,0,0,0,0,0
"1029","15781_MADELYN_FMM_Jeremy_012_lhh",0,0,0,0,0,0
"1030","15781_MADELYN_FMM_Jeremy_032_hll",0,0,0,0,0,0
"1031","15781_MADELYN_FMM_Jeremy_073_hhh",0,0,0,0,0,0
"1032","15781_MADELYN_FMM_Jeremy_111_hhl",0,0,0,0,0,0
"1033","15781_MADELYN_FMM_Jeremy_117_lhl",0,0,0,0,0,0
"1034","15781_MADELYN_FMM_Marilyn_080_hlh",0,0,0,0,0,0
"1035","15781_MADELYN_MFF_Helena_051_lhh",0,0,0,0,0,0
"1036","15781_MADELYN_MFF_Helena_075_hhh",0,0,0,0,0,0
"1037","15781_MADELYN_MFF_Jeremy_015_hlh",0,0,0,0,0,0
"1038","15781_MADELYN_MFF_Jeremy_125_hhl",0,0,0,0,0,0
"1039","15781_MADELYN_MFF_Marilyn_027_lhl",0,0,0,0,0,0
"1040","15781_MADELYN_MFF_Marilyn_046_hll",0.140350877192982,8,1,0,0,1
"1041","15781_MADELYN_MFF_Marilyn_092_lll",0,0,0,0,0,0
"1042","15781_MADELYN_MFM_Helena_017_hlh",0,0,0,0,0,0
"1043","15781_MADELYN_MFM_Helena_045_hhl",0,0,0,0,0,0
"1044","15781_MADELYN_MFM_Helena_096_llh",0,0,0,0,0,0
"1045","15781_MADELYN_MFM_Helena_110_hll",0,0,0,0,0,0
"1046","15781_MADELYN_MFM_Jeremy_011_lll",0,0,0,0,0,0
"1047","15781_MADELYN_MFM_Jeremy_131_hhh",0,0,0,0,0,0
"1048","15781_MADELYN_MFM_Jeremy_141_lhh",0,0,0,0,0,0
"1049","15781_MADELYN_MFM_Marilyn_116_lhl",0,0,0,0,0,0
"1050","15781_MADELYN_MMF_Helena_087_lhh",0,0,0,0,0,0
"1051","15781_MADELYN_MMF_Helena_104_hhl",0,0,0,0,0,0
"1052","15781_MADELYN_MMF_Jeremy_002_llh",0,0,0,0,0,0
"1053","15781_MADELYN_MMF_Jeremy_018_hll",0,0,0,0,0,0
"1054","15781_MADELYN_MMF_Jeremy_064_lhl",0,0,0,0,0,0
"1055","15781_MADELYN_MMF_Marilyn_008_hhh",0,0,0,0,0,0
"1056","15781_MADELYN_MMF_Marilyn_102_lll",0,0,0,0,0,0
"1057","15781_MADELYN_MMF_Marilyn_128_hlh",0,0,0,0,0,0
"1058","15781_MELANIE_FFM_Helena_049_hlh",0,0,0,0,0,0
"1059","15781_MELANIE_FFM_Helena_112_hhl",0,0,0,0,0,0
"1060","15781_MELANIE_FFM_Helena_122_lhh",0,0,0,0,0,0
"1061","15781_MELANIE_FFM_Helena_132_hhh",0,0,0,0,0,0
"1062","15781_MELANIE_FFM_Jeremy_047_lll",0.0222222222222222,1,1,0,0,1
"1063","15781_MELANIE_FFM_Jeremy_060_llh",0,0,0,0,0,0
"1064","15781_MELANIE_FFM_Marilyn_135_hll",0,0,0,0,0,0
"1065","15781_MELANIE_FFM_Marilyn_143_lhl",0,0,0,0,0,0
"1066","15781_MELANIE_FMF_Helena_038_hhl",0,0,0,0,0,0
"1067","15781_MELANIE_FMF_Jeremy_020_hlh",0,0,0,0,0,0
"1068","15781_MELANIE_FMF_Jeremy_053_llh",0,0,0,0,0,0
"1069","15781_MELANIE_FMF_Jeremy_058_hll",0,0,0,0,0,0
"1070","15781_MELANIE_FMF_Jeremy_108_lll",0,0,0,0,0,0
"1071","15781_MELANIE_FMF_Jeremy_121_lhl",0,0,0,0,0,0
"1072","15781_MELANIE_FMF_Marilyn_026_hhh",0,0,0,0,0,0
"1073","15781_MELANIE_FMF_Marilyn_052_lhh",0,0,0,0,0,0
"1074","15781_MELANIE_FMM_Helena_068_hlh",0,0,0,0,0,0
"1075","15781_MELANIE_FMM_Helena_077_hll",0,0,0,0,0,0
"1076","15781_MELANIE_FMM_Jeremy_033_llh",0,0,0,0,0,0
"1077","15781_MELANIE_FMM_Jeremy_088_hhl",0,0,0,0,0,0
"1078","15781_MELANIE_FMM_Jeremy_090_hhh",0,0,0,0,0,0
"1079","15781_MELANIE_FMM_Jeremy_103_lhl",0,0,0,0,0,0
"1080","15781_MELANIE_FMM_Jeremy_124_lll",0,0,0,0,0,0
"1081","15781_MELANIE_FMM_Marilyn_095_lhh",0,0,0,0,0,0
"1082","15781_MELANIE_MFF_Helena_065_lhh",0,0,0,0,0,0
"1083","15781_MELANIE_MFF_Helena_133_hll",0,0,0,0,0,0
"1084","15781_MELANIE_MFF_Helena_136_hhl",0,0,0,0,0,0
"1085","15781_MELANIE_MFF_Jeremy_043_hhh",0,0,0,0,0,0
"1086","15781_MELANIE_MFF_Jeremy_062_lll",0,0,0,0,0,0
"1087","15781_MELANIE_MFF_Marilyn_069_llh",0,0,0,0,0,0
"1088","15781_MELANIE_MFF_Marilyn_093_hlh",0,0,0,0,0,0
"1089","15781_MELANIE_MFM_Helena_139_lhl",0,0,0,0,0,0
"1090","15781_MELANIE_MFM_Jeremy_034_hhh",0,0,0,0,0,0
"1091","15781_MELANIE_MFM_Jeremy_084_hhl",0,0,0,0,0,0
"1092","15781_MELANIE_MFM_Jeremy_127_llh",0,0,0,0,0,0
"1093","15781_MELANIE_MFM_Marilyn_061_hlh",0,0,0,0,0,0
"1094","15781_MELANIE_MFM_Marilyn_099_lhh",0,0,0,0,0,0
"1095","15781_MELANIE_MFM_Marilyn_109_lll",0,0,0,0,0,0
"1096","15781_MELANIE_MMF_Helena_001_hll",0,0,0,0,0,0
"1097","15781_MELANIE_MMF_Helena_007_hhl",0,0,0,0,0,0
"1098","15781_MELANIE_MMF_Helena_066_llh",0,0,0,0,0,0
"1099","15781_MELANIE_MMF_Helena_100_lll",0,0,0,0,0,0
"1100","15781_MELANIE_MMF_Jeremy_014_hlh",0,0,0,0,0,0
"1101","15781_MELANIE_MMF_Jeremy_105_hhh",0,0,0,0,0,0
"1102","15781_MELANIE_MMF_Jeremy_129_lhl",0,0,0,0,0,0
"1103","15781_MELANIE_MMF_Marilyn_094_lhh",0,0,0,0,0,0
"1104","15784_HARMONY_FFM_Helena_001_hlh",0,0,0,0,0,0
"1105","15784_HARMONY_FFM_Helena_069_hhh",0,0,0,0,0,0
"1106","15784_HARMONY_FFM_Helena_096_hhl",0.0147058823529412,1,1,0,0,1
"1107","15784_HARMONY_FFM_Helena_118_lhh",0,0,0,0,0,0
"1108","15784_HARMONY_FFM_Helena_126_llh",0.0294117647058824,2,1,0,0,1
"1109","15784_HARMONY_FFM_Jeremy_032_hll",0,0,0,0,0,0
"1110","15784_HARMONY_FFM_Jeremy_107_lll",0,0,0,0,0,0
"1111","15784_HARMONY_FFM_Marilyn_086_lhl",0,0,0,0,0,0
"1112","15784_HARMONY_FMF_Helena_003_lhl",0,0,0,0,0,0
"1113","15784_HARMONY_FMF_Helena_043_hhl",0,0,0,0,0,0
"1114","15784_HARMONY_FMF_Jeremy_045_lhh",0,0,0,0,0,0
"1115","15784_HARMONY_FMF_Jeremy_065_hhh",0,0,0,0,0,0
"1116","15784_HARMONY_FMF_Marilyn_010_llh",0,0,0,0,0,0
"1117","15784_HARMONY_FMF_Marilyn_078_hll",0,0,0,0,0,0
"1118","15784_HARMONY_FMF_Marilyn_122_hlh",0,0,0,0,0,0
"1119","15784_HARMONY_FMF_Marilyn_141_lll",0,0,0,0,0,0
"1120","15784_HARMONY_FMM_Helena_002_llh",0,0,0,0,0,0
"1121","15784_HARMONY_FMM_Helena_059_lhh",0,0,0,0,0,0
"1122","15784_HARMONY_FMM_Helena_061_hll",0,0,0,0,0,0
"1123","15784_HARMONY_FMM_Helena_101_lhl",0,0,0,0,0,0
"1124","15784_HARMONY_FMM_Jeremy_008_hhh",0,0,0,0,0,0
"1125","15784_HARMONY_FMM_Jeremy_012_hlh",0.0163934426229508,1,1,0,0,1
"1126","15784_HARMONY_FMM_Jeremy_103_lll",0,0,0,0,0,0
"1127","15784_HARMONY_FMM_Marilyn_081_hhl",0.0588235294117647,4,1,0,0,1
"1128","15784_HARMONY_MFF_Helena_134_hll",0,0,0,0,0,0
"1129","15784_HARMONY_MFF_Jeremy_004_hhl",0,0,0,0,0,0
"1130","15784_HARMONY_MFF_Jeremy_104_lhl",0,0,0,0,0,0
"1131","15784_HARMONY_MFF_Jeremy_113_lll",0,0,0,0,0,0
"1132","15784_HARMONY_MFF_Jeremy_123_llh",0,0,0,0,0,0
"1133","15784_HARMONY_MFF_Jeremy_128_lhh",0,0,0,0,0,0
"1134","15784_HARMONY_MFF_Marilyn_064_hlh",0.0161290322580645,1,1,0,0,1
"1135","15784_HARMONY_MFF_Marilyn_108_hhh",0,0,0,0,0,0
"1136","15784_HARMONY_MFM_Helena_047_hhh",0,0,0,0,0,0
"1137","15784_HARMONY_MFM_Helena_056_hhl",0,0,0,0,0,0
"1138","15784_HARMONY_MFM_Helena_066_lhh",0,0,0,0,0,0
"1139","15784_HARMONY_MFM_Helena_144_hlh",0,0,0,0,0,0
"1140","15784_HARMONY_MFM_Jeremy_054_lhl",0.102564102564103,8,1,0,0,1
"1141","15784_HARMONY_MFM_Jeremy_090_hll",0,0,0,0,0,0
"1142","15784_HARMONY_MFM_Jeremy_116_lll",0,0,0,0,0,0
"1143","15784_HARMONY_MFM_Marilyn_120_llh",0,0,0,0,0,0
"1144","15784_HARMONY_MMF_Helena_051_lll",0,0,0,0,0,0
"1145","15784_HARMONY_MMF_Helena_143_llh",0,0,0,0,0,0
"1146","15784_HARMONY_MMF_Jeremy_068_lhl",0,0,0,0,0,0
"1147","15784_HARMONY_MMF_Jeremy_073_hhh",0.131147540983607,8,1,0,0,1
"1148","15784_HARMONY_MMF_Jeremy_091_hlh",0,0,0,0,0,0
"1149","15784_HARMONY_MMF_Marilyn_050_hhl",0,0,0,0,0,0
"1150","15784_HARMONY_MMF_Marilyn_067_hll",0,0,0,0,0,0
"1151","15784_HARMONY_MMF_Marilyn_095_lhh",0,0,0,0,0,0
"1152","15784_MADELYN_FFM_Helena_023_llh",0,0,0,0,0,0
"1153","15784_MADELYN_FFM_Helena_030_hhl",0,0,0,0,0,0
"1154","15784_MADELYN_FFM_Helena_114_hll",0,0,0,0,0,0
"1155","15784_MADELYN_FFM_Jeremy_135_lll",0,0,0,0,0,0
"1156","15784_MADELYN_FFM_Jeremy_142_lhh",0.0806451612903226,5,1,0,0,1
"1157","15784_MADELYN_FFM_Marilyn_019_hlh",0,0,0,0,0,0
"1158","15784_MADELYN_FFM_Marilyn_076_hhh",0.0476190476190476,3,1,0,0,1
"1159","15784_MADELYN_FFM_Marilyn_111_lhl",0,0,0,0,0,0
"1160","15784_MADELYN_FMF_Helena_033_lhh",0,0,0,0,0,0
"1161","15784_MADELYN_FMF_Helena_071_llh",0,0,0,0,0,0
"1162","15784_MADELYN_FMF_Jeremy_015_hlh",0,0,0,0,0,0
"1163","15784_MADELYN_FMF_Jeremy_137_lhl",0,0,0,0,0,0
"1164","15784_MADELYN_FMF_Marilyn_089_lll",0,0,0,0,0,0
"1165","15784_MADELYN_FMF_Marilyn_094_hll",0,0,0,0,0,0
"1166","15784_MADELYN_FMF_Marilyn_100_hhl",0,0,0,0,0,0
"1167","15784_MADELYN_FMM_Helena_041_lll",0,0,0,0,0,0
"1168","15784_MADELYN_FMM_Jeremy_005_hhl",0,0,0,0,0,0
"1169","15784_MADELYN_FMM_Jeremy_028_llh",0,0,0,0,0,0
"1170","15784_MADELYN_FMM_Jeremy_029_lhl",0,0,0,0,0,0
"1171","15784_MADELYN_FMM_Jeremy_063_hhh",0,0,0,0,0,0
"1172","15784_MADELYN_FMM_Jeremy_119_lhh",0.0689655172413793,4,1,0,0,1
"1173","15784_MADELYN_FMM_Jeremy_140_hll",0,0,0,0,0,0
"1174","15784_MADELYN_FMM_Marilyn_110_hlh",0,0,0,0,0,0
"1175","15784_MADELYN_MFF_Helena_006_lhh",0,0,0,0,0,0
"1176","15784_MADELYN_MFF_Helena_016_llh",0,0,0,0,0,0
"1177","15784_MADELYN_MFF_Helena_042_hhh",0,0,0,0,0,0
"1178","15784_MADELYN_MFF_Jeremy_007_hhl",0,0,0,0,0,0
"1179","15784_MADELYN_MFF_Jeremy_040_hlh",0,0,0,0,0,0
"1180","15784_MADELYN_MFF_Marilyn_099_lll",0,0,0,0,0,0
"1181","15784_MADELYN_MFF_Marilyn_121_hll",0,0,0,0,0,0
"1182","15784_MADELYN_MFF_Marilyn_124_lhl",0,0,0,0,0,0
"1183","15784_MADELYN_MFM_Helena_022_llh",0,0,0,0,0,0
"1184","15784_MADELYN_MFM_Helena_088_hhl",0,0,0,0,0,0
"1185","15784_MADELYN_MFM_Helena_106_hll",0,0,0,0,0,0
"1186","15784_MADELYN_MFM_Helena_129_hlh",0,0,0,0,0,0
"1187","15784_MADELYN_MFM_Jeremy_026_lhh",0,0,0,0,0,0
"1188","15784_MADELYN_MFM_Jeremy_037_lll",0,0,0,0,0,0
"1189","15784_MADELYN_MFM_Jeremy_105_hhh",0,0,0,0,0,0
"1190","15784_MADELYN_MFM_Marilyn_084_lhl",0,0,0,0,0,0
"1191","15784_MADELYN_MMF_Helena_039_lhh",0,0,0,0,0,0
"1192","15784_MADELYN_MMF_Helena_085_hhl",0.0597014925373134,4,1,0,0,1
"1193","15784_MADELYN_MMF_Jeremy_025_hll",0,0,0,0,0,0
"1194","15784_MADELYN_MMF_Jeremy_083_lhl",0,0,0,0,0,0
"1195","15784_MADELYN_MMF_Jeremy_115_llh",0,0,0,0,0,0
"1196","15784_MADELYN_MMF_Marilyn_046_hhh",0,0,0,0,0,0
"1197","15784_MADELYN_MMF_Marilyn_092_lll",0,0,0,0,0,0
"1198","15784_MADELYN_MMF_Marilyn_133_hlh",0,0,0,0,0,0
"1199","15784_MELANIE_FFM_Helena_031_lhh",0,0,0,0,0,0
"1200","15784_MELANIE_FFM_Helena_048_hlh",0,0,0,0,0,0
"1201","15784_MELANIE_FFM_Helena_052_hhh",0,0,0,0,0,0
"1202","15784_MELANIE_FFM_Helena_139_hhl",0,0,0,0,0,0
"1203","15784_MELANIE_FFM_Jeremy_058_llh",0,0,0,0,0,0
"1204","15784_MELANIE_FFM_Jeremy_138_lll",0,0,0,0,0,0
"1205","15784_MELANIE_FFM_Marilyn_038_hll",0,0,0,0,0,0
"1206","15784_MELANIE_FFM_Marilyn_087_lhl",0,0,0,0,0,0
"1207","15784_MELANIE_FMF_Helena_077_hhl",0,0,0,0,0,0
"1208","15784_MELANIE_FMF_Jeremy_021_hlh",0,0,0,0,0,0
"1209","15784_MELANIE_FMF_Jeremy_072_lhl",0,0,0,0,0,0
"1210","15784_MELANIE_FMF_Jeremy_082_lll",0,0,0,0,0,0
"1211","15784_MELANIE_FMF_Jeremy_109_hll",0,0,0,0,0,0
"1212","15784_MELANIE_FMF_Jeremy_131_llh",0,0,0,0,0,0
"1213","15784_MELANIE_FMF_Marilyn_027_hhh",0,0,0,0,0,0
"1214","15784_MELANIE_FMF_Marilyn_075_lhh",0,0,0,0,0,0
"1215","15784_MELANIE_FMM_Helena_013_hlh",0,0,0,0,0,0
"1216","15784_MELANIE_FMM_Helena_018_hll",0,0,0,0,0,0
"1217","15784_MELANIE_FMM_Jeremy_009_lhl",0,0,0,0,0,0
"1218","15784_MELANIE_FMM_Jeremy_062_llh",0,0,0,0,0,0
"1219","15784_MELANIE_FMM_Jeremy_074_hhh",0,0,0,0,0,0
"1220","15784_MELANIE_FMM_Jeremy_080_lll",0,0,0,0,0,0
"1221","15784_MELANIE_FMM_Jeremy_125_hhl",0,0,0,0,0,0
"1222","15784_MELANIE_FMM_Marilyn_060_lhh",0,0,0,0,0,0
"1223","15784_MELANIE_MFF_Helena_034_hhl",0,0,0,0,0,0
"1224","15784_MELANIE_MFF_Helena_044_hll",0,0,0,0,0,0
"1225","15784_MELANIE_MFF_Helena_053_lhl",0,0,0,0,0,0
"1226","15784_MELANIE_MFF_Helena_055_lhh",0,0,0,0,0,0
"1227","15784_MELANIE_MFF_Jeremy_020_hhh",0,0,0,0,0,0
"1228","15784_MELANIE_MFF_Jeremy_097_lll",0,0,0,0,0,0
"1229","15784_MELANIE_MFF_Marilyn_102_hlh",0.0461538461538462,3,1,0,0,1
"1230","15784_MELANIE_MFF_Marilyn_136_llh",0,0,0,0,0,0
"1231","15784_MELANIE_MFM_Helena_035_lhl",0,0,0,0,0,0
"1232","15784_MELANIE_MFM_Jeremy_024_hll",0,0,0,0,0,0
"1233","15784_MELANIE_MFM_Jeremy_070_llh",0,0,0,0,0,0
"1234","15784_MELANIE_MFM_Jeremy_093_hhl",0,0,0,0,0,0
"1235","15784_MELANIE_MFM_Jeremy_112_hhh",0,0,0,0,0,0
"1236","15784_MELANIE_MFM_Marilyn_011_hlh",0,0,0,0,0,0
"1237","15784_MELANIE_MFM_Marilyn_014_lhh",0,0,0,0,0,0
"1238","15784_MELANIE_MFM_Marilyn_132_lll",0,0,0,0,0,0
"1239","15784_MELANIE_MMF_Helena_057_llh",0,0,0,0,0,0
"1240","15784_MELANIE_MMF_Helena_079_lll",0,0,0,0,0,0
"1241","15784_MELANIE_MMF_Helena_098_hll",0,0,0,0,0,0
"1242","15784_MELANIE_MMF_Helena_117_hhl",0,0,0,0,0,0
"1243","15784_MELANIE_MMF_Jeremy_017_hhh",0,0,0,0,0,0
"1244","15784_MELANIE_MMF_Jeremy_127_hlh",0,0,0,0,0,0
"1245","15784_MELANIE_MMF_Jeremy_130_lhl",0,0,0,0,0,0
"1246","15784_MELANIE_MMF_Marilyn_036_lhh",0,0,0,0,0,0
"1247","15787_HARMONY_FFM_Helena_015_llh",0,0,0,0,0,0
"1248","15787_HARMONY_FFM_Helena_054_hhh",0,0,0,0,0,0
"1249","15787_HARMONY_FFM_Helena_072_hlh",0.0338983050847458,2,1,0,0,1
"1250","15787_HARMONY_FFM_Helena_096_lhh",0,0,0,0,0,0
"1251","15787_HARMONY_FFM_Helena_134_hhl",0,0,0,0,0,0
"1252","15787_HARMONY_FFM_Jeremy_043_hll",0,0,0,0,0,0
"1253","15787_HARMONY_FFM_Jeremy_056_lll",0,0,0,0,0,0
"1254","15787_HARMONY_FFM_Marilyn_058_lhl",0.0634920634920635,4,1,0,0,1
"1255","15787_HARMONY_FMF_Helena_018_lhl",0,0,0,0,0,0
"1256","15787_HARMONY_FMF_Helena_035_hhl",0.107142857142857,6,1,0,0,1
"1257","15787_HARMONY_FMF_Jeremy_107_hhh",0,0,0,0,0,0
"1258","15787_HARMONY_FMF_Jeremy_116_lhh",0,0,0,0,0,0
"1259","15787_HARMONY_FMF_Marilyn_022_hlh",0,0,0,0,0,0
"1260","15787_HARMONY_FMF_Marilyn_099_llh",0,0,0,0,0,0
"1261","15787_HARMONY_FMF_Marilyn_119_lll",0,0,0,0,0,0
"1262","15787_HARMONY_FMF_Marilyn_143_hll",0,0,0,0,0,0
"1263","15787_HARMONY_FMM_Helena_057_lhh",0.0333333333333333,2,1,0,0,1
"1264","15787_HARMONY_FMM_Helena_078_hll",0.0483870967741935,3,1,0,0,1
"1265","15787_HARMONY_FMM_Helena_090_lhl",0,0,0,0,0,0
"1266","15787_HARMONY_FMM_Helena_121_llh",0,0,0,0,0,0
"1267","15787_HARMONY_FMM_Jeremy_016_hlh",0,0,0,0,0,0
"1268","15787_HARMONY_FMM_Jeremy_050_hhh",0,0,0,0,0,0
"1269","15787_HARMONY_FMM_Jeremy_111_lll",0,0,0,0,0,0
"1270","15787_HARMONY_FMM_Marilyn_009_hhl",0,0,0,0,0,0
"1271","15787_HARMONY_MFF_Helena_123_hll",0,0,0,0,0,0
"1272","15787_HARMONY_MFF_Jeremy_025_llh",0,0,0,0,0,0
"1273","15787_HARMONY_MFF_Jeremy_046_lll",0,0,0,0,0,0
"1274","15787_HARMONY_MFF_Jeremy_089_lhh",0,0,0,0,0,0
"1275","15787_HARMONY_MFF_Jeremy_112_lhl",0,0,0,0,0,0
"1276","15787_HARMONY_MFF_Jeremy_126_hhl",0,0,0,0,0,0
"1277","15787_HARMONY_MFF_Marilyn_139_hhh",0,0,0,0,0,0
"1278","15787_HARMONY_MFF_Marilyn_141_hlh",0.0172413793103448,1,1,0,0,1
"1279","15787_HARMONY_MFM_Helena_001_hlh",0.0307692307692308,2,1,0,0,1
"1280","15787_HARMONY_MFM_Helena_004_lhh",0,0,0,0,0,0
"1281","15787_HARMONY_MFM_Helena_042_hhh",0,0,0,0,0,0
"1282","15787_HARMONY_MFM_Helena_136_hhl",0,0,0,0,0,0
"1283","15787_HARMONY_MFM_Jeremy_013_hll",0.0169491525423729,1,1,0,0,1
"1284","15787_HARMONY_MFM_Jeremy_083_lhl",0.0597014925373134,4,1,0,0,1
"1285","15787_HARMONY_MFM_Jeremy_105_lll",0.0350877192982456,2,1,0,0,1
"1286","15787_HARMONY_MFM_Marilyn_079_llh",0,0,0,0,0,0
"1287","15787_HARMONY_MMF_Helena_031_lll",0,0,0,0,0,0
"1288","15787_HARMONY_MMF_Helena_133_llh",0,0,0,0,0,0
"1289","15787_HARMONY_MMF_Jeremy_010_lhl",0.032258064516129,2,1,0,0,1
"1290","15787_HARMONY_MMF_Jeremy_051_hlh",0,0,0,0,0,0
"1291","15787_HARMONY_MMF_Jeremy_088_hhh",0,0,0,0,0,0
"1292","15787_HARMONY_MMF_Marilyn_048_hhl",0.0377358490566038,2,1,0,0,1
"1293","15787_HARMONY_MMF_Marilyn_049_lhh",0,0,0,0,0,0
"1294","15787_HARMONY_MMF_Marilyn_076_hll",0,0,0,0,0,0
"1295","15787_MADELYN_FFM_Helena_045_hll",0,0,0,0,0,0
"1296","15787_MADELYN_FFM_Helena_117_hhl",0,0,0,0,0,0
"1297","15787_MADELYN_FFM_Helena_144_llh",0,0,0,0,0,0
"1298","15787_MADELYN_FFM_Jeremy_041_lll",0,0,0,0,0,0
"1299","15787_MADELYN_FFM_Jeremy_070_lhh",0,0,0,0,0,0
"1300","15787_MADELYN_FFM_Marilyn_028_lhl",0,0,0,0,0,0
"1301","15787_MADELYN_FFM_Marilyn_118_hlh",0,0,0,0,0,0
"1302","15787_MADELYN_FFM_Marilyn_127_hhh",0,0,0,0,0,0
"1303","15787_MADELYN_FMF_Helena_052_llh",0,0,0,0,0,0
"1304","15787_MADELYN_FMF_Helena_122_lhh",0,0,0,0,0,0
"1305","15787_MADELYN_FMF_Jeremy_100_lhl",0.0153846153846154,1,1,0,0,1
"1306","15787_MADELYN_FMF_Jeremy_130_hlh",0,0,0,0,0,0
"1307","15787_MADELYN_FMF_Marilyn_047_hll",0,0,0,0,0,0
"1308","15787_MADELYN_FMF_Marilyn_098_hhl",0,0,0,0,0,0
"1309","15787_MADELYN_FMF_Marilyn_114_lll",0,0,0,0,0,0
"1310","15787_MADELYN_FMM_Helena_062_lll",0,0,0,0,0,0
"1311","15787_MADELYN_FMM_Jeremy_034_llh",0,0,0,0,0,0
"1312","15787_MADELYN_FMM_Jeremy_091_hhl",0,0,0,0,0,0
"1313","15787_MADELYN_FMM_Jeremy_108_hhh",0,0,0,0,0,0
"1314","15787_MADELYN_FMM_Jeremy_109_lhh",0,0,0,0,0,0
"1315","15787_MADELYN_FMM_Jeremy_120_hll",0,0,0,0,0,0
"1316","15787_MADELYN_FMM_Jeremy_140_lhl",0,0,0,0,0,0
"1317","15787_MADELYN_FMM_Marilyn_084_hlh",0,0,0,0,0,0
"1318","15787_MADELYN_MFF_Helena_065_hhh",0,0,0,0,0,0
"1319","15787_MADELYN_MFF_Helena_080_lhh",0,0,0,0,0,0
"1320","15787_MADELYN_MFF_Helena_124_llh",0,0,0,0,0,0
"1321","15787_MADELYN_MFF_Jeremy_027_hhl",0,0,0,0,0,0
"1322","15787_MADELYN_MFF_Jeremy_128_hlh",0.0571428571428571,4,1,0,0,1
"1323","15787_MADELYN_MFF_Marilyn_039_hll",0,0,0,0,0,0
"1324","15787_MADELYN_MFF_Marilyn_066_lll",0,0,0,0,0,0
"1325","15787_MADELYN_MFF_Marilyn_095_lhl",0,0,0,0,0,0
"1326","15787_MADELYN_MFM_Helena_008_hll",0,0,0,0,0,0
"1327","15787_MADELYN_MFM_Helena_036_hhl",0,0,0,0,0,0
"1328","15787_MADELYN_MFM_Helena_064_llh",0,0,0,0,0,0
"1329","15787_MADELYN_MFM_Helena_093_hlh",0,0,0,0,0,0
"1330","15787_MADELYN_MFM_Jeremy_017_lll",0,0,0,0,0,0
"1331","15787_MADELYN_MFM_Jeremy_026_lhh",0,0,0,0,0,0
"1332","15787_MADELYN_MFM_Jeremy_060_hhh",0,0,0,0,0,0
"1333","15787_MADELYN_MFM_Marilyn_087_lhl",0,0,0,0,0,0
"1334","15787_MADELYN_MMF_Helena_110_lhh",0,0,0,0,0,0
"1335","15787_MADELYN_MMF_Helena_142_hhl",0,0,0,0,0,0
"1336","15787_MADELYN_MMF_Jeremy_067_llh",0,0,0,0,0,0
"1337","15787_MADELYN_MMF_Jeremy_082_lhl",0,0,0,0,0,0
"1338","15787_MADELYN_MMF_Jeremy_101_hll",0,0,0,0,0,0
"1339","15787_MADELYN_MMF_Marilyn_038_lll",0,0,0,0,0,0
"1340","15787_MADELYN_MMF_Marilyn_097_hlh",0,0,0,0,0,0
"1341","15787_MELANIE_FFM_Helena_002_hlh",0,0,0,0,0,0
"1342","15787_MELANIE_FFM_Helena_019_hhl",0,0,0,0,0,0
"1343","15787_MELANIE_FFM_Helena_061_hhh",0,0,0,0,0,0
"1344","15787_MELANIE_FFM_Helena_068_lhh",0,0,0,0,0,0
"1345","15787_MELANIE_FFM_Jeremy_055_llh",0,0,0,0,0,0
"1346","15787_MELANIE_FFM_Jeremy_069_lll",0,0,0,0,0,0
"1347","15787_MELANIE_FFM_Marilyn_012_hll",0,0,0,0,0,0
"1348","15787_MELANIE_FFM_Marilyn_103_lhl",0,0,0,0,0,0
"1349","15787_MELANIE_FMF_Jeremy_071_hlh",0,0,0,0,0,0
"1350","15787_MELANIE_FMF_Jeremy_075_lhl",0,0,0,0,0,0
"1351","15787_MELANIE_FMF_Jeremy_077_hll",0,0,0,0,0,0
"1352","15787_MELANIE_FMF_Jeremy_135_llh",0,0,0,0,0,0
"1353","15787_MELANIE_FMF_Marilyn_030_hhh",0,0,0,0,0,0
"1354","15787_MELANIE_FMF_Marilyn_081_lhh",0,0,0,0,0,0
"1355","15787_MELANIE_FMM_Helena_020_hll",0,0,0,0,0,0
"1356","15787_MELANIE_FMM_Helena_125_hlh",0,0,0,0,0,0
"1357","15787_MELANIE_FMM_Jeremy_005_hhh",0,0,0,0,0,0
"1358","15787_MELANIE_FMM_Jeremy_021_lll",0,0,0,0,0,0
"1359","15787_MELANIE_FMM_Jeremy_032_lhl",0,0,0,0,0,0
"1360","15787_MELANIE_FMM_Jeremy_033_llh",0,0,0,0,0,0
"1361","15787_MELANIE_FMM_Jeremy_037_hhl",0,0,0,0,0,0
"1362","15787_MELANIE_FMM_Marilyn_085_lhh",0,0,0,0,0,0
"1363","15787_MELANIE_MFF_Helena_006_lhl",0,0,0,0,0,0
"1364","15787_MELANIE_MFF_Helena_011_lhh",0,0,0,0,0,0
"1365","15787_MELANIE_MFF_Helena_102_hhl",0,0,0,0,0,0
"1366","15787_MELANIE_MFF_Helena_132_hll",0,0,0,0,0,0
"1367","15787_MELANIE_MFF_Jeremy_014_hhh",0,0,0,0,0,0
"1368","15787_MELANIE_MFF_Jeremy_023_lll",0,0,0,0,0,0
"1369","15787_MELANIE_MFF_Marilyn_003_llh",0,0,0,0,0,0
"1370","15787_MELANIE_MFF_Marilyn_094_hlh",0,0,0,0,0,0
"1371","15787_MELANIE_MFM_Helena_137_lhl",0,0,0,0,0,0
"1372","15787_MELANIE_MFM_Jeremy_059_hhh",0,0,0,0,0,0
"1373","15787_MELANIE_MFM_Jeremy_086_llh",0,0,0,0,0,0
"1374","15787_MELANIE_MFM_Jeremy_129_hll",0,0,0,0,0,0
"1375","15787_MELANIE_MFM_Jeremy_131_hhl",0,0,0,0,0,0
"1376","15787_MELANIE_MFM_Marilyn_063_lhh",0,0,0,0,0,0
"1377","15787_MELANIE_MFM_Marilyn_104_hlh",0,0,0,0,0,0
"1378","15787_MELANIE_MMF_Helena_044_hhl",0,0,0,0,0,0
"1379","15787_MELANIE_MMF_Helena_106_hll",0,0,0,0,0,0
"1380","15787_MELANIE_MMF_Helena_115_lll",0,0,0,0,0,0
"1381","15787_MELANIE_MMF_Helena_138_llh",0,0,0,0,0,0
"1382","15787_MELANIE_MMF_Jeremy_024_hlh",0,0,0,0,0,0
"1383","15787_MELANIE_MMF_Jeremy_029_lhl",0,0,0,0,0,0
"1384","15787_MELANIE_MMF_Jeremy_053_hhh",0,0,0,0,0,0
"1385","15787_MELANIE_MMF_Marilyn_113_lhh",0,0,0,0,0,0
